AFE,2024,73.7351151103017
AFE,2023,73.7687853187293
AFE,2022,74.689514197023
AFE,2021,74.6274429632303
AFE,2020,76.9147193008306
AFE,2019,79.2273897950203
AFE,2018,78.7384517179148
AFE,2017,78.0278855164038
AFE,2016,78.2381241580075
AFE,2015,77.6619556668059
AFE,2014,78.3273840423209
AFE,2013,76.2480857614207
AFE,2012,76.5931147399656
AFE,2011,77.2591242163928
AFE,2010,74.3848287142164
AFE,2009,74.3408594705662
AFE,2008,72.47779712617
AFE,2007,70.8929779339699
AFE,2006,69.2083852560363
AFE,2005,68.0835564785182
AFE,2004,65.0179809784925
AFE,2003,61.9089651256201
AFE,2002,59.3423129525495
AFE,2001,57.5846657323875
AFE,2000,55.5252773933091
AFE,1999,53.4593904945296
AFE,1998,55.4439766243712
AFE,1997,58.0509667298452
AFE,1996,58.4996128417756
AFE,1995,59.5661366905479
AFE,1994,59.0585174600445
AFE,1993,56.364240153042
AFE,1992,52.6869294916123
AFE,1991,53.4601279020498
AFE,1990,59.2303527882192
AFE,1989,54.515348757276
AFE,1988,50.6480229831174
AFE,1987,48.5063815995156
AFE,1986,41.5410053835877
AFE,1985,38.7019862978679
AFE,1984,34.4439945623793
AFE,1983,28.0218199235858
AFE,1982,16.9625399890196
AFE,1981,16.5357498898677
AFE,1980,7.99099511694613
AFW,2024,74.3113993697597
AFW,2023,74.0760897991238
AFW,2022,69.7435475981296
AFW,2021,69.9658060477586
AFW,2020,69.027889207322
AFW,2019,72.1694786949218
AFW,2018,69.8476652868902
AFW,2017,67.6832211927826
AFW,2016,66.3442377918441
AFW,2015,60.2361373034085
AFW,2014,60.5507468276933
AFW,2013,58.1028527422192
AFW,2012,57.8987812985204
AFW,2011,64.3476769442897
AFW,2010,66.9983300106315
AFW,2009,69.5943466824378
AFW,2008,64.3595487640624
AFW,2007,59.2108259516784
AFW,2006,57.1893293784254
AFW,2005,53.8521562231525
AFW,2004,50.2025698460547
AFW,2003,47.112536624299
AFW,2002,43.4102426206112
AFW,2001,42.4396925426973
AFW,2000,43.1854097285981
AFW,1999,41.4522534888084
AFW,1998,35.4431241338071
AFW,1997,34.9227808114575
AFW,1996,37.7225111015893
AFW,1995,41.7732413125893
AFW,1994,44.9604994944673
AFW,1993,37.964774894704
AFW,1992,43.587036754071
AFW,1991,41.413286942849
AFW,1990,51.4026483589568
AFW,1989,43.0316965185117
AFW,1988,34.7525077940509
AFW,1987,29.3991091456771
AFW,1986,23.9740887400812
AFW,1985,16.312608166278
AFW,1984,10.5645385569363
AFW,1983,5.31686318285649
AFW,1982,4.57385576131443
AFW,1981,3.36014333420311
AFW,1980,1.4240956836211
ARB,2024,77.052184015155
ARB,2023,78.8276105757745
ARB,2022,84.3118191809722
ARB,2021,82.0330250552787
ARB,2020,82.1404209835448
ARB,2019,85.6972243628333
ARB,2018,85.406816331896
ARB,2017,85.9513271238158
ARB,2016,84.9112001925639
ARB,2015,84.2595277355622
ARB,2014,85.6228625847809
ARB,2013,86.0970231333034
ARB,2012,84.6687664731519
ARB,2011,87.3400396877142
ARB,2010,87.5900198967791
ARB,2009,86.6595277375198
ARB,2008,85.9000016269681
ARB,2007,85.0619514664487
ARB,2006,83.4958643798886
ARB,2005,84.2276563712196
ARB,2004,83.3368114356607
ARB,2003,82.2980829570823
ARB,2002,81.8884279149278
ARB,2001,83.9846346794304
ARB,2000,82.9694614656504
ARB,1999,81.2031182178399
ARB,1998,78.4954538395031
ARB,1997,76.2390537801792
ARB,1996,77.8068677024681
ARB,1995,75.9747660965912
ARB,1994,73.1869137073286
ARB,1993,75.3331676309384
ARB,1992,74.6177175184006
ARB,1991,74.1051829866744
ARB,1990,80.5853675077798
ARB,1989,79.3432322208294
ARB,1988,72.0052789655491
ARB,1987,66.3628251331473
ARB,1986,62.8367281638843
ARB,1985,57.0122931211564
ARB,1984,40.7102005096568
ARB,1983,31.4682576594966
ARB,1982,27.5613436659541
ARB,1981,22.8076282860471
ARB,1980,20.7544282801032
CSS,2024,89.7367249455085
CSS,2023,88.9159663865546
CSS,2022,89.404248348584
CSS,2021,88.344885440151
CSS,2020,85.5766430933001
CSS,2019,92.3926927545183
CSS,2018,93.6865019759964
CSS,2017,87.9896008851541
CSS,2016,93.298710683724
CSS,2015,91.9857381655226
CSS,2014,91.4556989018019
CSS,2013,92.3078494164532
CSS,2012,92.0386735217045
CSS,2011,91.197347811734
CSS,2010,93.798253625595
CSS,2009,93.6373269431882
CSS,2008,91.2765143597676
CSS,2007,91.6230993885827
CSS,2006,91.5789853549156
CSS,2005,92.8540222613097
CSS,2004,91.9858686503021
CSS,2003,89.4119341259877
CSS,2002,89.3835391271188
CSS,2001,87.8439805023985
CSS,2000,87.5884443762546
CSS,1999,86.9205426109973
CSS,1998,90.8248182087651
CSS,1997,88.9627513583151
CSS,1996,86.5823287259431
CSS,1995,88.4123633279826
CSS,1994,87.3089350949648
CSS,1993,86.820576359377
CSS,1992,84.2150834557038
CSS,1991,83.3103979431113
CSS,1990,84.9895997028487
CSS,1989,79.4103469078239
CSS,1988,74.6439024931486
CSS,1987,77.6295704689175
CSS,1986,74.8866863680316
CSS,1985,77.5127881395425
CSS,1984,71.0495954710106
CSS,1983,66.2508091849301
CSS,1982,59.2686709156599
CSS,1981,51.8107779646062
CSS,1980,34.1860400180936
CEB,2024,90.3040669330814
CEB,2023,91.1050159798257
CEB,2022,92.3810079639598
CEB,2021,92.3943475446352
CEB,2020,93.3883454067882
CEB,2019,94.0961032435057
CEB,2018,93.5232083848151
CEB,2017,93.0584651077718
CEB,2016,95.2002900423646
CEB,2015,95.1936518228541
CEB,2014,96.014862434318
CEB,2013,96.7209325938485
CEB,2012,96.6626094838798
CEB,2011,96.2438839295981
CEB,2010,97.2329582606128
CEB,2009,97.5018985452189
CEB,2008,97.7226590326869
CEB,2007,97.6801291483228
CEB,2006,97.7936897886735
CEB,2005,97.8019672520876
CEB,2004,97.7876795761516
CEB,2003,97.6825459856542
CEB,2002,97.8080680038407
CEB,2001,97.662389517531
CEB,2000,97.4836907616872
CEB,1999,97.1882850392905
CEB,1998,97.0619768589985
CEB,1997,96.8575941154652
CEB,1996,96.752633333516
CEB,1995,96.3050585076712
CEB,1994,95.8016717745277
CEB,1993,88.4353978041372
CEB,1992,93.2670355803531
CEB,1991,96.7130223670696
CEB,1990,96.6149514547641
CEB,1989,96.6189151120148
CEB,1988,96.6055229584835
CEB,1987,95.4925106035942
CEB,1986,94.1947927127011
CEB,1985,95.2211483893106
CEB,1984,72.2554114584928
CEB,1983,70.0850629147838
CEB,1982,69.004041610927
CEB,1981,69.3263805269535
CEB,1980,68.6576116256637
EAR,2024,86.6976475453599
EAR,2023,86.554887968918
EAR,2022,87.3264511557704
EAR,2021,81.3598010543278
EAR,2020,82.4919185302226
EAR,2019,87.1205275375674
EAR,2018,86.6224208638036
EAR,2017,86.1598267690634
EAR,2016,86.216468531009
EAR,2015,84.820956935647
EAR,2014,84.3449443259568
EAR,2013,83.3647006338408
EAR,2012,83.0098060190989
EAR,2011,82.9385236674151
EAR,2010,80.821230316968
EAR,2009,78.713602496831
EAR,2008,76.3503941922906
EAR,2007,73.5977378817427
EAR,2006,73.9626198207453
EAR,2005,73.6708036990242
EAR,2004,73.0591968509135
EAR,2003,70.396809435808
EAR,2002,68.6849511538863
EAR,2001,69.063091189228
EAR,2000,68.6430245628611
EAR,1999,68.1804489237286
EAR,1998,68.9578056485287
EAR,1997,69.4327134409615
EAR,1996,70.1146667880067
EAR,1995,71.9571884616811
EAR,1994,69.1973672079653
EAR,1993,64.6070544020454
EAR,1992,62.4221598970822
EAR,1991,63.1642598942485
EAR,1990,69.4971843103563
EAR,1989,56.6920238738402
EAR,1988,48.5800446835243
EAR,1987,41.1952743774199
EAR,1986,34.3740796403827
EAR,1985,29.5849125347882
EAR,1984,24.6234881361732
EAR,1983,21.486133962053
EAR,1982,18.0741216885474
EAR,1981,14.8639199052353
EAR,1980,12.9331386449222
EAS,2024,88.4632455132134
EAS,2023,88.7549475548269
EAS,2022,93.3015966216789
EAS,2021,86.6599723039575
EAS,2020,92.2394348310201
EAS,2019,93.9284852465565
EAS,2018,93.5350315641193
EAS,2017,94.4472773562893
EAS,2016,94.5283911439363
EAS,2015,93.9097932075772
EAS,2014,94.6199543700224
EAS,2013,93.5144220578088
EAS,2012,95.1089705464889
EAS,2011,94.1106052353254
EAS,2010,93.9851582100013
EAS,2009,93.7003545877948
EAS,2008,91.9335500954488
EAS,2007,88.9479721954388
EAS,2006,88.9388673146803
EAS,2005,85.4389001331982
EAS,2004,85.3180057372518
EAS,2003,84.4472826073317
EAS,2002,82.5561940920282
EAS,2001,84.2141499936152
EAS,2000,83.3021877040891
EAS,1999,82.5558178601782
EAS,1998,81.7894723241691
EAS,1997,81.524939879489
EAS,1996,81.8649362758562
EAS,1995,78.8723804489845
EAS,1994,81.8156806395459
EAS,1993,83.3223120093817
EAS,1992,85.2959712845086
EAS,1991,88.1017934627896
EAS,1990,90.0322966459568
EAS,1989,87.2929583021542
EAS,1988,84.1948794826434
EAS,1987,68.866655502057
EAS,1986,68.8962616280081
EAS,1985,65.0099262920523
EAS,1984,58.2131477758798
EAS,1983,47.6892569859781
EAS,1982,11.7681555079252
EAS,1981,11.661068379081
EAS,1980,9.10242056525341
EAP,2024,87.8532947894244
EAP,2023,88.1850180492126
EAP,2022,93.025034755595
EAP,2021,85.9613501344106
EAP,2020,92.0013817947683
EAP,2019,93.733155451331
EAP,2018,93.3172729270974
EAP,2017,94.254382198542
EAP,2016,94.3376659609955
EAP,2015,93.7916992984144
EAP,2014,94.5370802628727
EAP,2013,93.3707319284938
EAP,2012,95.0154696887325
EAP,2011,93.9471236544088
EAP,2010,93.8941515953746
EAP,2009,93.587789940975
EAP,2008,91.6685182342678
EAP,2007,88.5284449238974
EAP,2006,88.4011172566488
EAP,2005,84.6651051805794
EAP,2004,84.6188348441412
EAP,2003,83.5724036480388
EAP,2002,81.5754487659482
EAP,2001,83.3846952045127
EAP,2000,82.8277640197103
EAP,1999,82.4980092278623
EAP,1998,82.2087328048845
EAP,1997,82.0087242308235
EAP,1996,80.9426624705645
EAP,1995,78.4820496574409
EAP,1994,81.5522548759085
EAP,1993,83.0948599367836
EAP,1992,85.223703506023
EAP,1991,88.1121160205933
EAP,1990,90.2954137771451
EAP,1989,87.2410038738061
EAP,1988,84.5971449026819
EAP,1987,68.36151042563
EAP,1986,68.0626493197954
EAP,1985,63.9287350890803
EAP,1984,56.6683114301344
EAP,1983,45.6118671469507
EAP,1982,6.77240457195506
EAP,1981,6.76350602038805
EAP,1980,6.15840568485231
TEA,2024,87.6600132384155
TEA,2023,88.0037291047648
TEA,2022,92.93045757984
TEA,2021,85.7750123813101
TEA,2020,91.9356312478865
TEA,2019,93.6933303177722
TEA,2018,93.275016230897
TEA,2017,94.2228852130002
TEA,2016,94.3190387531601
TEA,2015,93.767388710203
TEA,2014,94.5536258755189
TEA,2013,93.3746813290707
TEA,2012,95.0044489241808
TEA,2011,93.9465217345456
TEA,2010,93.9040300757289
TEA,2009,93.5942309705709
TEA,2008,91.6647123661254
TEA,2007,88.4874385729284
TEA,2006,88.3937607576414
TEA,2005,84.7377972968072
TEA,2004,84.7861722154749
TEA,2003,83.7825558095378
TEA,2002,81.8148335133282
TEA,2001,83.6849664556567
TEA,2000,83.2168732820724
TEA,1999,82.9710193466706
TEA,1998,82.7784051735434
TEA,1997,82.6560438551293
TEA,1996,81.382400840596
TEA,1995,78.6858420899605
TEA,1994,81.6145167724478
TEA,1993,83.0038982519228
TEA,1992,85.1674959014912
TEA,1991,88.0157140968861
TEA,1990,90.2115015119099
TEA,1989,87.1359503735399
TEA,1988,84.5713911703137
TEA,1987,68.166679350142
TEA,1986,68.1429652001377
TEA,1985,64.032383846189
TEA,1984,56.5515540671658
TEA,1983,45.5402601601054
TEA,1982,6.27048435286598
TEA,1981,6.25254427853752
TEA,1980,5.65670120673667
EMU,2024,92.9074834597324
EMU,2023,93.1088677797329
EMU,2022,93.3640740638976
EMU,2021,93.9584108706771
EMU,2020,93.8612019055278
EMU,2019,94.1309932993799
EMU,2018,94.0177440812162
EMU,2017,94.074454158521
EMU,2016,94.2407500764872
EMU,2015,95.054936893423
EMU,2014,94.7271312285657
EMU,2013,93.9075811846018
EMU,2012,96.9093463204366
EMU,2011,96.7302622762426
EMU,2010,96.8846809084649
EMU,2009,96.4179803833136
EMU,2008,96.8165958012379
EMU,2007,96.8241457493286
EMU,2006,96.7525329913675
EMU,2005,95.9409959722839
EMU,2004,95.9101603918517
EMU,2003,96.4166632551765
EMU,2002,94.8329067439381
EMU,2001,94.5241487070234
EMU,2000,92.6247056530536
EMU,1999,95.0337845676853
EMU,1998,92.7679868769937
EMU,1997,92.6586926658897
EMU,1996,92.0075471698113
EMU,1995,90.0814619022664
EMU,1994,88.6727350417595
EMU,1993,83.0426288462551
EMU,1992,89.4337268166427
EMU,1991,88.7871672128378
EMU,1990,85.4868952105234
EMU,1989,72.8455882592189
EMU,1988,69.5552002326726
EMU,1987,69.6750927422518
EMU,1986,74.7761779384032
EMU,1985,69.0168478133152
EMU,1984,74.6340547139829
EMU,1983,60.3049611733415
EMU,1982,59.8709540171278
EMU,1981,57.2589681965316
EMU,1980,33.8265285993228
ECS,2024,93.2567774834318
ECS,2023,94.0927376985743
ECS,2022,93.9853834689365
ECS,2021,93.538984939432
ECS,2020,93.6434439345644
ECS,2019,94.8166246513518
ECS,2018,94.3187608325538
ECS,2017,93.3486151444049
ECS,2016,91.9395262844719
ECS,2015,92.6336009508084
ECS,2014,92.1588838472592
ECS,2013,94.7792671581658
ECS,2012,95.5592955033296
ECS,2011,94.3686758574581
ECS,2010,94.3664049289252
ECS,2009,94.9610813170174
ECS,2008,95.8195350011126
ECS,2007,95.8547510464808
ECS,2006,95.187264580376
ECS,2005,95.0111127443644
ECS,2004,93.9385606121698
ECS,2003,91.3175609574411
ECS,2002,92.9132926385535
ECS,2001,94.0069450426181
ECS,2000,92.9194691665217
ECS,1999,92.9186574608232
ECS,1998,91.6570818729993
ECS,1997,90.8536099681535
ECS,1996,89.0272175175644
ECS,1995,86.5692366102681
ECS,1994,87.6866238505395
ECS,1993,80.7411976731653
ECS,1992,84.6666028538988
ECA,2024,92.8797419972919
ECA,2023,94.8354234869652
ECA,2022,93.9424184616742
ECA,2021,91.971690419685
ECA,2020,92.1210915234426
ECA,2019,94.8223266949641
ECA,2018,93.4740784613456
ECA,2017,90.8235430791383
ECA,2016,86.3630914574624
ECA,2015,87.3883486326671
ECA,2014,86.0237708826029
ECA,2013,93.8729417802578
ECA,2012,93.499010069104
ECA,2011,90.3764642845654
ECA,2010,90.1447309790479
ECA,2009,92.0210248840265
ECA,2008,94.3374781628011
ECA,2007,94.4987142088524
ECA,2006,92.4285461264049
ECA,2005,92.9488137321644
ECA,2004,89.9340608211463
ECA,2003,82.295258242246
ECA,2002,88.1877710142248
ECA,2001,92.237301605055
ECA,2000,91.0232040050099
ECA,1999,88.8773668175012
ECA,1998,89.2358143711583
ECA,1997,88.1157027859428
ECA,1996,85.0422973740531
ECA,1995,81.9097321710962
ECA,1994,82.8945495307444
ECA,1993,72.3743217044088
ECA,1992,80.8328372284931
TEC,2024,93.4715611734414
TEC,2023,94.8130226128616
TEC,2022,94.3681468589443
TEC,2021,93.1068388294983
TEC,2020,93.2985987091696
TEC,2019,95.1600132460001
TEC,2018,94.2778062689101
TEC,2017,92.6243258867876
TEC,2016,90.2156461051018
TEC,2015,90.8564312109508
TEC,2014,90.1989821562874
TEC,2013,95.0486284637188
TEC,2012,94.7673486758655
TEC,2011,92.7776696533988
TEC,2010,92.8189320229155
TEC,2009,94.2452581117476
TEC,2008,95.6817611622614
TEC,2007,95.7675649557928
TEC,2006,94.5346580221342
TEC,2005,94.8808160538409
TEC,2004,92.7384306394843
TEC,2003,87.6857223915992
TEC,2002,91.5718952376088
TEC,2001,93.8377872120172
TEC,2000,93.0394759812147
TEC,1999,91.3834321941072
TEC,1998,90.6844228092743
TEC,1997,89.2584385814102
TEC,1996,86.3677450148963
TEC,1995,82.99059834168
TEC,1994,85.8228967805937
TEC,1993,76.8639941857491
TEC,1992,80.7567300768226
EUU,2024,92.4506359736973
EUU,2023,92.7305393380428
EUU,2022,93.2195875657249
EUU,2021,93.7872042592883
EUU,2020,93.8353500592667
EUU,2019,94.2318230738078
EUU,2018,94.0080921238694
EUU,2017,93.945147685153
EUU,2016,94.5450586196634
EUU,2015,95.1641493005826
EUU,2014,95.1084617225796
EUU,2013,94.6080363457411
EUU,2012,96.8854513003814
EUU,2011,96.6119461275525
EUU,2010,96.9220015128562
EUU,2009,96.5881894618128
EUU,2008,96.9360901443892
EUU,2007,96.9188434586432
EUU,2006,96.9702504056223
EUU,2005,96.3297480551028
EUU,2004,96.3652607608057
EUU,2003,96.7691335349561
EUU,2002,95.6023320403531
EUU,2001,95.3397677631926
EUU,2000,93.8732151305271
EUU,1999,95.7039124466121
EUU,1998,93.9814661208721
EUU,1997,93.8131880584836
EUU,1996,93.0942253124598
EUU,1995,91.8076648483664
EUU,1994,90.7685296403663
EUU,1993,86.304386267449
EUU,1992,91.2613075829472
EUU,1991,90.9372276057533
EUU,1990,88.5477074443988
EUU,1989,79.4575517991802
EUU,1988,77.2731218371791
EUU,1987,77.216554687398
EUU,1986,80.5265296898945
EUU,1985,76.6511939025612
EUU,1984,74.6049669019033
EUU,1983,63.7851575428017
EUU,1982,63.2153991121114
EUU,1981,61.4994077330495
EUU,1980,44.7244881962545
FCS,2024,68.4878577517347
FCS,2023,67.5755771664387
FCS,2022,66.7763190747614
FCS,2021,65.3529592029667
FCS,2020,68.0472751722743
FCS,2019,71.1543468609947
FCS,2018,69.2537672516718
FCS,2017,68.1557795212119
FCS,2016,66.878028174256
FCS,2015,63.7732499077616
FCS,2014,64.2802518320024
FCS,2013,63.2032400871834
FCS,2012,63.2970040805885
FCS,2011,67.8326282838524
FCS,2010,67.3768394964459
FCS,2009,69.2765121085836
FCS,2008,65.0757197068511
FCS,2007,61.6316652251128
FCS,2006,59.6881057686382
FCS,2005,58.0660013768372
FCS,2004,55.4034904410351
FCS,2003,51.4026988328637
FCS,2002,48.6128889926062
FCS,2001,47.4858415652992
FCS,2000,47.6218012546901
FCS,1999,46.1181575313817
FCS,1998,43.9564403993679
FCS,1997,45.6859731742088
FCS,1996,47.26167415867
FCS,1995,49.0159630723791
FCS,1994,49.5392136515687
FCS,1993,44.1201158052099
FCS,1992,44.8363395251933
FCS,1991,43.5097383008029
FCS,1990,57.0885071808552
FCS,1989,48.044283441414
FCS,1988,38.5139881222253
FCS,1987,33.4263985003193
FCS,1986,28.5613741367483
FCS,1985,23.2727677288442
FCS,1984,17.2763954069072
FCS,1983,12.3590802279427
FCS,1982,11.3899443990085
FCS,1981,10.7909127813616
FCS,1980,4.97440764963513
HPC,2024,73.9654126788623
HPC,2023,73.5340074798871
HPC,2022,73.979664633034
HPC,2021,73.2868436867714
HPC,2020,74.8547010941668
HPC,2019,77.4671091303291
HPC,2018,77.4385140375022
HPC,2017,77.9642930852485
HPC,2016,77.7216147469853
HPC,2015,76.7701962344943
HPC,2014,76.880825775161
HPC,2013,75.3575092238604
HPC,2012,76.5010734266396
HPC,2011,76.1427584419384
HPC,2010,74.6285700525226
HPC,2009,74.355806438671
HPC,2008,72.4482831763199
HPC,2007,71.4333686414665
HPC,2006,69.387535659205
HPC,2005,68.0287402626826
HPC,2004,64.4086345004939
HPC,2003,61.0709499906432
HPC,2002,56.8262891371847
HPC,2001,54.3890101146903
HPC,2000,52.185267544975
HPC,1999,49.3832524624372
HPC,1998,48.932482669875
HPC,1997,50.9945558526103
HPC,1996,51.7903884499964
HPC,1995,52.0820923197594
HPC,1994,50.3371605644381
HPC,1993,47.7957048207635
HPC,1992,44.8457445509764
HPC,1991,44.919004045936
HPC,1990,51.6677856618126
HPC,1989,46.2704563248037
HPC,1988,40.8629877780542
HPC,1987,37.2985717299904
HPC,1986,30.5628820727318
HPC,1985,25.2971356676482
HPC,1984,20.5084380374006
HPC,1983,18.4823830841801
HPC,1982,16.0566456818368
HPC,1981,14.9334360573473
HPC,1980,7.61239414452904
IBD,2024,90.1179188104313
IBD,2023,89.4514368365198
IBD,2022,90.8494353244953
IBD,2021,85.4536893645648
IBD,2020,87.1704539174132
IBD,2019,90.8134168689944
IBD,2018,91.1723532809373
IBD,2017,90.7658129638239
IBD,2016,90.7512471857505
IBD,2015,90.2092220931336
IBD,2014,89.7627114980656
IBD,2013,89.360751853947
IBD,2012,89.6428736956704
IBD,2011,89.2552964009588
IBD,2010,88.2001745625752
IBD,2009,86.63588754475
IBD,2008,84.3518501641641
IBD,2007,81.0200159002889
IBD,2006,81.2639768304956
IBD,2005,79.9223927834305
IBD,2004,78.9054544066942
IBD,2003,77.394028879048
IBD,2002,76.15161551773
IBD,2001,77.0116200317652
IBD,2000,76.4367877050735
IBD,1999,76.3541564456679
IBD,1998,76.5694356320335
IBD,1997,76.4437835659227
IBD,1996,76.9948404306014
IBD,1995,77.5998654381223
IBD,1994,77.4356631325278
IBD,1993,75.7814788888517
IBD,1992,75.2055269617431
IBD,1991,76.8197348534638
IBD,1990,80.6290106297658
IBD,1989,72.7183789028999
IBD,1988,68.7818791677776
IBD,1987,56.9900544703792
IBD,1986,52.3075625808692
IBD,1985,49.8324926353921
IBD,1984,44.3195667973466
IBD,1983,37.3101121511538
IBD,1982,17.8800772911929
IBD,1981,15.1177942357854
IBD,1980,13.8134523487545
IBT,2024,83.8669587235531
IBT,2023,83.5362341664412
IBT,2022,84.1505515824601
IBT,2021,80.8459890914843
IBT,2020,82.5240725124352
IBT,2019,85.9771381477056
IBT,2018,85.7545376845269
IBT,2017,85.0175533119337
IBT,2016,84.9820320003504
IBT,2015,83.7981531211703
IBT,2014,83.6284380093524
IBT,2013,82.5659453967794
IBT,2012,82.8561190993244
IBT,2011,83.6083932583693
IBT,2010,82.4259332947292
IBT,2009,81.8208461748615
IBT,2008,79.5033385385354
IBT,2007,76.6346395012434
IBT,2006,76.6283124535588
IBT,2005,75.3882073594275
IBT,2004,74.4663316719024
IBT,2003,72.2237103755867
IBT,2002,70.4796839550666
IBT,2001,70.8043251701035
IBT,2000,70.2158480223069
IBT,1999,69.6493381936119
IBT,1998,69.3904511820884
IBT,1997,69.5713231581398
IBT,1996,70.142015934241
IBT,1995,71.2089807378203
IBT,1994,70.7551031947295
IBT,1993,68.4226612872253
IBT,1992,68.6528988343039
IBT,1991,70.0823402309159
IBT,1990,74.6995067927271
IBT,1989,66.4062711325847
IBT,1988,61.0313449445916
IBT,1987,51.0381823046291
IBT,1986,46.2563518017543
IBT,1985,42.9765205993855
IBT,1984,37.7387741939909
IBT,1983,31.2535304113184
IBT,1982,16.0739939880767
IBT,1981,13.699326331641
IBT,1980,11.6291838828083
IDB,2024,78.450028596918
IDB,2023,78.6002852846941
IDB,2022,74.9104666858385
IDB,2021,74.7475213472822
IDB,2020,73.5042084652521
IDB,2019,76.8177188545087
IDB,2018,73.6020055288307
IDB,2017,69.0436369139179
IDB,2016,69.3972815687675
IDB,2015,63.768842265758
IDB,2014,63.3120713704547
IDB,2013,60.2893337011879
IDB,2012,59.926216422903
IDB,2011,65.1763736537918
IDB,2010,62.626890015673
IDB,2009,64.7414824775212
IDB,2008,61.1493385582956
IDB,2007,56.7080487846947
IDB,2006,57.641340732792
IDB,2005,57.212907715881
IDB,2004,56.8439470724331
IDB,2003,54.4812955278229
IDB,2002,52.8623904854254
IDB,2001,52.6130326907033
IDB,2000,53.0028128141743
IDB,1999,52.6904065127117
IDB,1998,48.0673304189604
IDB,1997,46.647347266537
IDB,1996,46.9237335716491
IDB,1995,54.5914813468072
IDB,1994,49.0621396712352
IDB,1993,41.8155723036928
IDB,1992,50.9479504229312
IDB,1991,50.3742651430019
IDB,1990,58.919172460228
IDB,1989,49.5626786914404
IDB,1988,43.8876923309479
IDB,1987,39.8630354139382
IDB,1986,35.4018894118968
IDB,1985,30.2311785652511
IDB,1984,23.0895426801456
IDB,1983,10.293762206417
IDB,1982,5.53332656613867
IDB,1981,3.96827088645178
IDB,1980,1.84995654193347
IDX,2024,75.6953407991004
IDX,2023,75.3846106938031
IDX,2022,76.3032558390745
IDX,2021,74.7760425617828
IDX,2020,77.3922329763045
IDX,2019,79.996279969612
IDX,2018,79.5465190572372
IDX,2017,79.9476733146776
IDX,2016,79.4809967775444
IDX,2015,78.9319751533868
IDX,2014,79.3275100649565
IDX,2013,77.5858443013399
IDX,2012,78.3369498691396
IDX,2011,79.2776127615901
IDX,2010,78.2593654403731
IDX,2009,78.502777689388
IDX,2008,76.6180037459673
IDX,2007,75.6491856405189
IDX,2006,74.1599915063936
IDX,2005,72.574745425893
IDX,2004,71.4382307832806
IDX,2003,66.8823156097645
IDX,2002,63.2172508338626
IDX,2001,61.9092755814768
IDX,2000,60.4132169270414
IDX,1999,57.6853384630329
IDX,1998,57.7138172606179
IDX,1997,59.139753449693
IDX,1996,59.2847636832983
IDX,1995,57.7304285563681
IDX,1994,58.2974776008522
IDX,1993,55.1298224225808
IDX,1992,51.8577716808051
IDX,1991,52.7899372363111
IDX,1990,58.4685478966404
IDX,1989,48.6692070153137
IDX,1988,36.9321581537588
IDX,1987,31.6040885838077
IDX,1986,26.3500920270879
IDX,1985,20.7127919253614
IDX,1984,17.0361107973264
IDX,1983,15.5136100707808
IDX,1982,13.5081114294921
IDX,1981,12.3283182796971
IDX,1980,6.962716070405
IDA,2024,76.6407229220703
IDA,2023,76.4893439730915
IDA,2022,75.8241219445572
IDA,2021,74.7662003351649
IDA,2020,76.0397082404994
IDA,2019,78.8797443692867
IDA,2018,77.4384593281052
IDA,2017,76.041314707376
IDA,2016,75.8334418977392
IDA,2015,73.4224505076516
IDA,2014,73.4953135563992
IDA,2013,71.2570422951601
IDA,2012,71.5800979661298
IDA,2011,74.1135238643536
IDA,2010,72.521373480339
IDA,2009,73.4957832574254
IDA,2008,71.0425886864392
IDA,2007,68.8793622391348
IDA,2006,68.2938111914938
IDA,2005,67.1237588851073
IDA,2004,66.2618129786308
IDA,2003,62.4918875046908
IDA,2002,59.5518433342195
IDA,2001,58.6281898974625
IDA,2000,57.8092462946257
IDA,1999,55.9355518019572
IDA,1998,54.3335476352784
IDA,1997,54.7621450950672
IDA,1996,54.9493369286601
IDA,1995,56.6264477372334
IDA,1994,55.0388104102044
IDA,1993,50.4168940518937
IDA,1992,51.5351451483975
IDA,1991,51.959058913055
IDA,1990,58.6228834800015
IDA,1989,48.973621098858
IDA,1988,39.2917419893135
IDA,1987,34.395101437485
IDA,1986,29.4000457681231
IDA,1985,23.9138967452665
IDA,1984,19.0634619007134
IDA,1983,13.7771237993433
IDA,1982,10.8797943188105
IDA,1981,9.6002296637931
IDA,1980,5.30390463758375
LTE,2024,94.8035625444052
LTE,2023,92.3293579283998
LTE,2022,94.161542825407
LTE,2021,92.8588158314556
LTE,2020,94.8793248556215
LTE,2019,94.7827679270767
LTE,2018,95.7817176937942
LTE,2017,96.3620874196873
LTE,2016,96.9150990802267
LTE,2015,97.8572051252011
LTE,2014,97.3604927399894
LTE,2013,95.9969847747538
LTE,2012,97.7193709863135
LTE,2011,97.8325856739416
LTE,2010,97.7827635630503
LTE,2009,98.0625789828619
LTE,2008,96.7879894832714
LTE,2007,94.2932051287861
LTE,2006,94.3887100831346
LTE,2005,90.9752703115142
LTE,2004,90.5223289120923
LTE,2003,90.1185890598733
LTE,2002,88.55895511958
LTE,2001,89.4074506833428
LTE,2000,88.7390512099692
LTE,1999,87.7546857754541
LTE,1998,86.6510462074724
LTE,1997,85.264289998207
LTE,1996,84.3530797622714
LTE,1995,82.8777174728831
LTE,1994,85.1494400329898
LTE,1993,86.0667111839096
LTE,1992,87.2294105099198
LTE,1991,91.466681233622
LTE,1990,92.4926351976066
LTE,1989,89.5505452889747
LTE,1988,88.2073862850307
LTE,1987,72.6684614137989
LTE,1986,72.516250784134
LTE,1985,72.8802371250118
LTE,1984,66.614704534158
LTE,1983,54.8871062187729
LTE,1982,15.5786270477417
LTE,1981,13.8057826409493
LTE,1980,12.4255433047551
LCN,2024,81.8286222413454
LCN,2023,82.9071429143487
LCN,2022,78.7315562416442
LCN,2021,75.3882643200207
LCN,2020,76.2017953256467
LCN,2019,79.8749196658701
LCN,2018,85.9316526627923
LCN,2017,84.8083787424849
LCN,2016,89.5252269182619
LCN,2015,89.8564771630599
LCN,2014,88.6860043023542
LCN,2013,89.9765264621189
LCN,2012,93.2987356219436
LCN,2011,92.8779975240115
LCN,2010,93.2767509439943
LCN,2009,93.7285409698825
LCN,2008,92.0925509903735
LCN,2007,92.8501747594453
LCN,2006,93.4284773904332
LCN,2005,93.5603741406381
LCN,2004,93.1840057998482
LCN,2003,92.5441790499079
LCN,2002,91.3110188305542
LCN,2001,89.9450328597377
LCN,2000,90.6337912487623
LCN,1999,88.6252587492889
LCN,1998,85.6976064604111
LCN,1997,82.8266952259479
LCN,1996,81.6892701695029
LCN,1995,83.1619301891062
LCN,1994,80.1171211349941
LCN,1993,78.6234900417056
LCN,1992,77.2698282172503
LCN,1991,77.7254990794327
LCN,1990,68.033916999329
LCN,1989,63.8753731762829
LCN,1988,62.3268730785709
LCN,1987,58.9012217316517
LCN,1986,56.2006081553427
LCN,1985,55.593452129026
LCN,1984,56.087301262782
LCN,1983,49.4839439424208
LCN,1982,46.7198577329088
LCN,1981,42.304057682642
LCN,1980,37.2467527856962
LAC,2024,82.3919610409279
LAC,2023,83.9239492901597
LAC,2022,79.8288776888712
LAC,2021,75.515444306102
LAC,2020,76.633746599409
LAC,2019,80.0173161732444
LAC,2018,87.0440162405725
LAC,2017,85.5832100931742
LAC,2016,89.6280510149344
LAC,2015,89.9416323828164
LAC,2014,89.1713955957037
LAC,2013,90.4350892346024
LAC,2012,94.2042814757083
LAC,2011,93.8491832257847
LAC,2010,94.2678327632328
LAC,2009,94.4362730546437
LAC,2008,94.6683752095679
LAC,2007,94.7541864292063
LAC,2006,94.83873114359
LAC,2005,94.0299161417095
LAC,2004,93.6229318564735
LAC,2003,93.9056554088676
LAC,2002,92.5736317997272
LAC,2001,90.8077467227992
LAC,2000,91.3648321149666
LAC,1999,89.15267887457
LAC,1998,88.0534256469714
LAC,1997,83.6483294151235
LAC,1996,82.6329657193399
LAC,1995,83.5945460780812
LAC,1994,80.4860283910611
LAC,1993,78.7156129355463
LAC,1992,77.237865101436
LAC,1991,77.7564526914634
LAC,1990,66.9641269989558
LAC,1989,62.9397792086262
LAC,1988,61.2620101529465
LAC,1987,57.4558583603885
LAC,1986,54.6784742763413
LAC,1985,54.2177308409831
LAC,1984,55.7078890229896
LAC,1983,47.46364004045
LAC,1982,44.5044148449708
LAC,1981,39.5071167440443
LAC,1980,34.3408952891074
TLA,2024,81.6437689093309
TLA,2023,82.7377726792158
TLA,2022,78.5104792971412
TLA,2021,75.1225574700009
TLA,2020,75.9410291526227
TLA,2019,79.6524293546811
TLA,2018,85.7803842210861
TLA,2017,84.6373569356819
TLA,2016,89.4103892974071
TLA,2015,89.7447345211559
TLA,2014,88.557356386987
TLA,2013,89.8613240947273
TLA,2012,93.2251438451432
TLA,2011,92.8247738821047
TLA,2010,93.2410382421568
TLA,2009,93.7007265817548
TLA,2008,92.0582456128636
TLA,2007,92.8472750198509
TLA,2006,93.4817287255001
TLA,2005,93.6180247998563
TLA,2004,93.2504185585042
TLA,2003,92.8097356934154
TLA,2002,91.2093406888621
TLA,2001,89.8344638701023
TLA,2000,90.5719054687179
TLA,1999,88.5453556446556
TLA,1998,85.5227983021487
TLA,1997,82.6150499587369
TLA,1996,81.5785106556364
TLA,1995,82.9480792443067
TLA,1994,79.8477870823331
TLA,1993,78.3153412090257
TLA,1992,76.996234861446
TLA,1991,77.3640265395141
TLA,1990,67.6238026267744
TLA,1989,63.3384838628981
TLA,1988,61.7516713148447
TLA,1987,58.4543481603484
TLA,1986,55.5379002962853
TLA,1985,55.0490128745279
TLA,1984,55.6431793433471
TLA,1983,48.8100081451504
TLA,1982,46.0403964908055
TLA,1981,41.9550592020977
TLA,1980,36.8249294002196
LDC,2024,74.3994118554781
LDC,2023,74.1817026859019
LDC,2022,74.5947604630432
LDC,2021,73.0754517119215
LDC,2020,75.9663184702239
LDC,2019,78.5454163709628
LDC,2018,78.251140031754
LDC,2017,78.254774040212
LDC,2016,78.0137803778677
LDC,2015,77.5160640092691
LDC,2014,77.6143751747649
LDC,2013,76.075066142457
LDC,2012,76.72848923316
LDC,2011,77.3754853668225
LDC,2010,76.0070954202588
LDC,2009,76.2544776370212
LDC,2008,74.3369875817597
LDC,2007,73.2208575508267
LDC,2006,72.0227632983861
LDC,2005,70.3453938434841
LDC,2004,69.3270562123178
LDC,2003,64.3843056396082
LDC,2002,60.5382500382013
LDC,2001,59.0232234700592
LDC,2000,56.8369873019854
LDC,1999,53.8884894631317
LDC,1998,54.7684817818124
LDC,1997,56.1515393300586
LDC,1996,56.0415244892635
LDC,1995,54.1863312483856
LDC,1994,54.968651658895
LDC,1993,51.9504106819341
LDC,1992,48.0930462566379
LDC,1991,49.7651900712491
LDC,1990,55.8991646701147
LDC,1989,45.4471905462993
LDC,1988,34.0645147876023
LDC,1987,29.1204480880494
LDC,1986,22.6763360220931
LDC,1985,18.5055295850367
LDC,1984,15.0005587824814
LDC,1983,13.2513031593797
LDC,1982,11.2608094371656
LDC,1981,10.4960764617451
LDC,1980,5.28898929983756
LMY,2024,84.1906568583907
LMY,2023,83.9572782847109
LMY,2022,84.869937184806
LMY,2021,81.3050134704011
LMY,2020,83.0813379842802
LMY,2019,86.6503651062642
LMY,2018,86.374163455241
LMY,2017,85.4746612977545
LMY,2016,85.3339141402508
LMY,2015,84.1238143660181
LMY,2014,83.989681336426
LMY,2013,82.9140664122059
LMY,2012,83.1948385549992
LMY,2011,83.8878514759956
LMY,2010,82.737596070015
LMY,2009,82.1502404125359
LMY,2008,80.007118501839
LMY,2007,77.0536065332267
LMY,2006,77.0850998850509
LMY,2005,75.7380840310157
LMY,2004,74.864846426038
LMY,2003,72.6377944848661
LMY,2002,70.8650288051873
LMY,2001,71.2510387263585
LMY,2000,70.6139440328691
LMY,1999,70.0276544297708
LMY,1998,69.6249714856274
LMY,1997,69.3694379902274
LMY,1996,70.054804494776
LMY,1995,71.1945740808483
LMY,1994,70.6409809922856
LMY,1993,68.9414810147744
LMY,1992,69.4586240803702
LMY,1991,70.8485275759384
LMY,1990,75.0525338804541
LMY,1989,66.9400071397084
LMY,1988,61.4893715679928
LMY,1987,51.1164715673786
LMY,1986,46.2479523563635
LMY,1985,42.8272804118396
LMY,1984,37.8616168143557
LMY,1983,31.052209471047
LMY,1982,15.3822650605754
LMY,1981,12.8377956158091
LMY,1980,10.774255397613
MEA,2024,84.4480324356424
MEA,2023,84.3477287135439
MEA,2022,84.2544524280047
MEA,2021,82.2748772476895
MEA,2020,81.6075081781519
MEA,2019,85.3001612003359
MEA,2018,84.1873521054241
MEA,2017,82.4679546858913
MEA,2016,82.1591013871709
MEA,2015,80.478718897538
MEA,2014,80.0252844863672
MEA,2013,78.8901552172511
MEA,2012,77.8866760992135
MEA,2011,79.1959063398414
MEA,2010,75.4813995878957
MEA,2009,75.5597531558616
MEA,2008,75.4326762505294
MEA,2007,75.0954632212242
MEA,2006,76.4964245030346
MEA,2005,77.7291817117873
MEA,2004,79.1535369904678
MEA,2003,77.1296138728353
MEA,2002,76.0216961516952
MEA,2001,75.994990801973
MEA,2000,74.730941738503
MEA,1999,73.5637090095065
MEA,1998,71.9699220878418
MEA,1997,69.8656898954061
MEA,1996,68.8272159554033
MEA,1995,72.2762362972298
MEA,1994,63.8384781914407
MEA,1993,65.3761561043741
MEA,1992,67.0786039812262
MEA,1991,68.3217515067156
MEA,1990,74.0959697263962
MEA,1989,68.1838933899223
MEA,1988,65.8336144147511
MEA,1987,57.6862346425226
MEA,1986,55.5702112194263
MEA,1985,50.4244551091091
MEA,1984,36.6528227242961
MEA,1983,28.706676473567
MEA,1982,24.7893096796822
MEA,1981,19.5687838981602
MEA,1980,18.5563776607216
MNA,2024,83.6779468104891
MNA,2023,83.5783681114115
MNA,2022,83.4452440150911
MNA,2021,81.3693999282164
MNA,2020,80.7652392735078
MNA,2019,84.578559484483
MNA,2018,83.3995576546499
MNA,2017,81.4962786156759
MNA,2016,81.2052784337463
MNA,2015,79.423059963848
MNA,2014,78.9839793730442
MNA,2013,77.7637354980161
MNA,2012,76.7477001583062
MNA,2011,78.1383559246375
MNA,2010,74.2098789640422
MNA,2009,74.2875293136522
MNA,2008,74.1723502061653
MNA,2007,73.8766982519164
MNA,2006,75.3673092403638
MNA,2005,76.6872162036507
MNA,2004,78.1838573672391
MNA,2003,76.1024812420168
MNA,2002,74.959679287316
MNA,2001,74.8406347733395
MNA,2000,73.5622442869052
MNA,1999,72.4130017122675
MNA,1998,70.6841821505011
MNA,1997,68.5163803723935
MNA,1996,67.4097790846088
MNA,1995,70.9559303993978
MNA,1994,62.1334643233104
MNA,1993,63.8159292367511
MNA,1992,65.7464424609185
MNA,1991,67.1150350558931
MNA,1990,73.2103243753754
MNA,1989,66.7756336418555
MNA,1988,64.5562058309326
MNA,1987,55.9958789837104
MNA,1986,53.9213045033074
MNA,1985,48.8722993644768
MNA,1984,34.6666080100812
MNA,1983,26.7045701856514
MNA,1982,22.8098118346884
MNA,1981,17.6143306577536
MNA,1980,17.0859429298533
TMN,2024,83.6404327772999
TMN,2023,83.5395674478355
TMN,2022,83.316863803234
TMN,2021,81.2487138046543
TMN,2020,80.6123053677767
TMN,2019,84.4513418885764
TMN,2018,83.2621188230909
TMN,2017,81.3432821126413
TMN,2016,81.0535496850082
TMN,2015,79.2597448749456
TMN,2014,78.8179850792045
TMN,2013,77.5858081903694
TMN,2012,76.5762088118655
TMN,2011,77.9627499091254
TMN,2010,74.0033903221065
TMN,2009,74.0974747255308
TMN,2008,73.9862292657389
TMN,2007,73.6577498745684
TMN,2006,75.1852989848301
TMN,2005,76.5167891973922
TMN,2004,78.0261223473802
TMN,2003,75.9074341998436
TMN,2002,74.7625864142378
TMN,2001,74.6408247314422
TMN,2000,73.3866127226568
TMN,1999,72.264379525155
TMN,1998,70.4398618048121
TMN,1997,68.271749736379
TMN,1996,67.1514162486077
TMN,1995,70.7170259904964
TMN,1994,61.8366327309805
TMN,1993,63.5735892966607
TMN,1992,65.7464424609185
TMN,1991,67.1150350558931
TMN,1990,73.2103243753754
TMN,1989,66.7756336418555
TMN,1988,64.5562058309326
TMN,1987,55.9958789837104
TMN,1986,53.9213045033074
TMN,1985,48.8722993644768
TMN,1984,34.6666080100812
TMN,1983,26.7045701856514
TMN,1982,22.8098118346884
TMN,1981,17.6143306577536
TMN,1980,17.0859429298533
MIC,2024,87.3237170137437
MIC,2023,86.9729959220632
MIC,2022,87.4545675676085
MIC,2021,83.1960415935289
MIC,2020,84.7411312293742
MIC,2019,88.2888939035866
MIC,2018,88.084273183811
MIC,2017,87.0433226513124
MIC,2016,86.9804957463485
MIC,2015,85.674045595414
MIC,2014,85.4188175758152
MIC,2013,84.2941987514061
MIC,2012,84.5029892809471
MIC,2011,85.2134122224632
MIC,2010,84.049833857058
MIC,2009,83.2611394866687
MIC,2008,81.0116177123892
MIC,2007,77.6687393154555
MIC,2006,77.9713744228555
MIC,2005,76.6004437405259
MIC,2004,76.2201221430989
MIC,2003,74.264058092191
MIC,2002,72.788537032962
MIC,2001,73.4173531782759
MIC,2000,72.9349727103809
MIC,1999,72.5644827932737
MIC,1998,72.5161745979149
MIC,1997,72.2585455918165
MIC,1996,72.7730252276142
MIC,1995,73.9587594596602
MIC,1994,73.5016457186773
MIC,1993,70.9694377208674
MIC,1992,71.4765430886171
MIC,1991,72.9704040829145
MIC,1990,76.982347240281
MIC,1989,68.4479330562448
MIC,1988,63.2119352135942
MIC,1987,52.4391348395779
MIC,1986,47.6508344281066
MIC,1985,44.4925438531627
MIC,1984,39.3313234348473
MIC,1983,32.1122980266092
MIC,1982,15.2708424947163
MIC,1981,12.6105444345365
MIC,1980,11.1649558659436
NAC,2024,93.8197671481551
NAC,2023,93.8181059514072
NAC,2022,93.8145267543237
NAC,2021,93.8170576160674
NAC,2020,92.9095651746742
NAC,2019,93.7297730655333
NAC,2018,93.7318327683196
NAC,2017,93.7336204917781
NAC,2016,94.6459103445804
NAC,2015,94.6448623326597
NAC,2014,94.6440244519192
NAC,2013,93.7342896854463
NAC,2012,93.7361638990306
NAC,2011,95.2197313137567
NAC,2010,94.4911343522125
NAC,2009,94.6700259594656
NAC,2008,95.6787293054931
NAC,2007,95.8410441807205
NAC,2006,95.9202994151564
NAC,2005,95.7610768185097
NAC,2004,95.6030964122126
NAC,2003,95.6043152125289
NAC,2002,93.5234350478878
NAC,2001,93.5923395544551
NAC,2000,93.5817463380611
NAC,1999,95.4872706192379
NAC,1998,95.4694715987692
NAC,1997,95.0882833288294
NAC,1996,94.5399493101644
NAC,1995,94.2682374399187
NAC,1994,93.9086354406206
NAC,1993,88.1832721228203
NAC,1992,83.5477332601018
NAC,1991,86.1817606184316
NAC,1990,89.8205468374989
NAC,1989,93.3787623487008
NAC,1988,96.0138482531225
NAC,1987,95.9211970035062
NAC,1986,88.2585592138621
NAC,1985,87.263013859368
NAC,1984,88.1794266678562
NAC,1983,88.1793515278245
NAC,1982,87.2293784672634
NAC,1981,87.1757224049412
NAC,1980,87.0456466393197
OED,2024,91.8294495296087
OED,2023,92.9693845758047
OED,2022,92.6797163236308
OED,2021,91.886847070575
OED,2020,90.9861121968073
OED,2019,93.268377022251
OED,2018,93.9306477873932
OED,2017,93.4026988180471
OED,2016,94.9354116402092
OED,2015,93.9966177416274
OED,2014,93.7712348163624
OED,2013,92.9646146058776
OED,2012,95.8938057497634
OED,2011,95.6779706694759
OED,2010,95.1479380667742
OED,2009,95.1828579481515
OED,2008,95.7073917942927
OED,2007,96.0572723208307
OED,2006,95.7289036613289
OED,2005,95.3415561588661
OED,2004,94.6125019579865
OED,2003,93.6267176276981
OED,2002,92.7900274825678
OED,2001,93.3929958731733
OED,2000,91.8053014808225
OED,1999,91.1478874562131
OED,1998,89.6678189809789
OED,1997,89.7585029041584
OED,1996,91.5932630489494
OED,1995,88.9064562902772
OED,1994,90.3536731078193
OED,1993,85.8595699350512
OED,1992,86.5335552101764
OED,1991,86.7279524790868
OED,1990,82.9836957149186
OED,1989,82.0180750812748
OED,1988,80.1317755706233
OED,1987,79.343861687337
OED,1986,73.3300255366663
OED,1985,71.3770575463596
OED,1984,74.4229136503322
OED,1983,67.9640433259848
OED,1982,66.1867959540444
OED,1981,65.2980707584787
OED,1980,53.4777986752436
OSS,2024,85.6031835861132
OSS,2023,85.6616244939271
OSS,2022,86.5694991642789
OSS,2021,83.4375884656759
OSS,2020,85.8253582307368
OSS,2019,89.3640112744367
OSS,2018,89.5545015152844
OSS,2017,88.6443162905347
OSS,2016,86.9753098096277
OSS,2015,88.9565544087919
OSS,2014,89.9007971933404
OSS,2013,91.5142112997455
OSS,2012,91.273333746018
OSS,2011,88.4454293523198
OSS,2010,88.1288527111052
OSS,2009,89.163132760721
OSS,2008,90.1941060838513
OSS,2007,87.6126293308021
OSS,2006,84.212060397099
OSS,2005,82.4511189077608
OSS,2004,81.95059730404
OSS,2003,82.9023043418914
OSS,2002,81.3953015462636
OSS,2001,83.457913829276
OSS,2000,82.4873793407061
OSS,1999,78.7992303989463
OSS,1998,79.2994858574341
OSS,1997,77.8760805262841
OSS,1996,80.203558286332
OSS,1995,81.9253550789988
OSS,1994,81.9501260328987
OSS,1993,79.5440597345423
OSS,1992,70.6328086134145
OSS,1991,80.5268845037692
OSS,1990,89.6360047421109
OSS,1989,84.5984478895635
PSS,2024,86.8501591613954
PSS,2023,86.5280473990041
PSS,2022,86.4099035348852
PSS,2021,86.3667732459059
PSS,2020,91.5797191359765
PSS,2019,91.3353020263133
PSS,2018,84.4530007086721
PSS,2017,84.8154009441435
PSS,2016,88.8086107005383
PSS,2015,88.4081267042932
PSS,2014,85.999880383729
PSS,2013,89.4263620019904
PSS,2012,91.4417416667338
PSS,2011,91.7074524807685
PSS,2010,88.7246181454314
PSS,2009,88.1645181502987
PSS,2008,85.3240137684338
PSS,2007,88.4646075742346
PSS,2006,87.9966868374748
PSS,2005,86.5037720685454
PSS,2004,85.0089709854189
PSS,2003,86.6278871499535
PSS,2002,84.8309270450548
PSS,2001,84.7110117482027
PSS,2000,86.1073758552196
PSS,1999,85.9688869645129
PSS,1998,82.5449797428219
PSS,1997,81.8368746803971
PSS,1996,85.2123610777964
PSS,1995,84.0093724640395
PSS,1994,83.4339708317752
PSS,1993,85.2126445465615
PSS,1992,87.1474195355787
PSS,1991,86.3068777876896
PSS,1990,88.8537701629155
PSS,1989,83.1138800893811
PSS,1988,84.4735767030305
PSS,1987,75.3735813970447
PSS,1986,60.0586327782647
PSS,1985,58.5868547859367
PSS,1984,60.8819864468494
PSS,1983,59.4182874150011
PSS,1982,50.7808839078029
PSS,1981,49.4920985409361
PSS,1980,48.1873829561607
PST,2024,93.8328400801943
PST,2023,93.7236466996723
PST,2022,93.5772461008352
PST,2021,93.9910788092227
PST,2020,93.504376287619
PST,2019,94.0583756631271
PST,2018,93.6269969556643
PST,2017,92.9371415481744
PST,2016,92.0093313230084
PST,2015,92.0116455698407
PST,2014,91.7801019490182
PST,2013,93.6207742975527
PST,2012,94.6762716695846
PST,2011,94.022124566348
PST,2010,93.5795382177737
PST,2009,94.2781230123616
PST,2008,95.5901811464262
PST,2007,95.8227061947164
PST,2006,96.0880232504012
PST,2005,95.5900442239227
PST,2004,95.4325994119379
PST,2003,95.1265356139127
PST,2002,94.5343784220105
PST,2001,94.3983010216249
PST,2000,92.6984117411697
PST,1999,93.0461205815035
PST,1998,90.9454614158445
PST,1997,90.6342536856737
PST,1996,93.8648305900651
PST,1995,91.4061479539156
PST,1994,91.1072465145885
PST,1993,88.0023847963489
PST,1992,87.3269555817563
PST,1991,88.1651234676663
PST,1990,87.7447580447143
PST,1989,85.4481095820879
PST,1988,83.1792461183606
PST,1987,82.5568239661236
PST,1986,81.9187743325446
PST,1985,78.6724769765173
PST,1984,80.4180303928319
PST,1983,74.8200917626239
PST,1982,72.9343194992055
PST,1981,70.3755873849256
PST,1980,56.1989080484351
PRE,2024,72.9409359889004
PRE,2023,73.0998538938076
PRE,2022,72.1787012858218
PRE,2021,71.6689206970774
PRE,2020,73.1439839593672
PRE,2019,76.4274758143604
PRE,2018,75.1435198356922
PRE,2017,72.7821511612546
PRE,2016,72.1472359159919
PRE,2015,68.9622754836249
PRE,2014,69.460904944426
PRE,2013,67.5159761545492
PRE,2012,67.8521652864722
PRE,2011,71.2757820330827
PRE,2010,70.6683324281955
PRE,2009,72.3754530923897
PRE,2008,68.7564355022994
PRE,2007,65.0770641808633
PRE,2006,63.7506186524448
PRE,2005,62.1913414149458
PRE,2004,59.4407573085101
PRE,2003,55.8471150759096
PRE,2002,52.5672862436056
PRE,2001,51.2411597364294
PRE,2000,49.5356912744897
PRE,1999,47.9129836797836
PRE,1998,44.3782070893848
PRE,1997,44.4913048606717
PRE,1996,46.0400909835429
PRE,1995,48.0599496721323
PRE,1994,49.4876336528963
PRE,1993,46.8301181243658
PRE,1992,49.3104238875522
PRE,1991,47.6672209217187
PRE,1990,54.1917641089593
PRE,1989,50.1768359957638
PRE,1988,44.7179058729725
PRE,1987,40.1829462866382
PRE,1986,33.5087088093005
PRE,1985,28.7284307152512
PRE,1984,22.4850924620901
PRE,1983,13.1227904896478
PRE,1982,11.4388166074311
PRE,1981,10.8433837150273
PRE,1980,6.11806001445511
SST,2024,86.676347167454
SST,2023,86.4784911962782
SST,2022,87.1065577642496
SST,2021,84.9702866503361
SST,2020,86.8452138187713
SST,2019,90.3464094623335
SST,2018,89.4445891889242
SST,2017,87.7961803487752
SST,2016,88.6193955183303
SST,2015,89.4816141345711
SST,2014,89.5040833601059
SST,2013,91.296816510903
SST,2012,91.4608703146707
SST,2011,89.6025902158757
SST,2010,89.4316409132959
SST,2009,89.9315202241698
SST,2008,89.5770838908949
SST,2007,88.599522287153
SST,2006,86.4073216479224
SST,2005,85.4236402164098
SST,2004,84.6939506664494
SST,2003,84.998576859343
SST,2002,83.8004459108896
SST,2001,84.8064501860977
SST,2000,84.4737089618748
SST,1999,82.2276997656626
SST,1998,82.8701435117284
SST,1997,81.458498753726
SST,1996,82.7382208635504
SST,1995,83.9503409374888
SST,1994,83.5734219511972
SST,1993,82.3682337835353
SST,1992,76.8571209388029
SST,1991,82.3113178461261
SST,1990,88.1989415574363
SST,1989,82.8498721136996
SST,1988,78.7146434887479
SST,1987,75.4793564041018
SST,1986,68.6785504680242
SST,1985,62.8461179103951
SST,1984,56.8221668559579
SST,1983,50.3560785437175
SST,1982,45.0770197137853
SST,1981,41.6457788700587
SST,1980,31.5572451700383
SAS,2024,94.478272245614
SAS,2023,91.9132098660559
SAS,2022,93.492008135925
SAS,2021,86.6950006761816
SAS,2020,86.5064748081605
SAS,2019,91.936868992899
SAS,2018,91.0258799504381
SAS,2017,90.1353353629688
SAS,2016,89.2178168358011
SAS,2015,88.4275947390716
SAS,2014,86.590687290438
SAS,2013,84.7482134624682
SAS,2012,83.6452622207993
SAS,2011,83.9213298899628
SAS,2010,81.1844855675905
SAS,2009,77.3094997109222
SAS,2008,73.562764323692
SAS,2007,68.231009555666
SAS,2006,69.2423238680649
SAS,2005,68.8573847885932
SAS,2004,67.9397933944077
SAS,2003,64.8334694603356
SAS,2002,62.5299183555347
SAS,2001,62.7739110131619
SAS,2000,61.6327528192172
SAS,1999,62.0245413338985
SAS,1998,63.4316923986412
SAS,1997,64.5734957867519
SAS,1996,67.5013709146644
SAS,1995,70.6251677669134
SAS,1994,68.8325186591703
SAS,1993,62.5683219774113
SAS,1992,57.3684165696255
SAS,1991,59.0907486011039
SAS,1990,69.4929601199409
SAS,1989,50.1843055388244
SAS,1988,37.7422437549489
SAS,1987,28.3505280642872
SAS,1986,19.091992373198
SAS,1985,16.9709385677261
SAS,1984,15.0126450530351
SAS,1983,13.2563964851612
SAS,1982,11.4092740028308
SAS,1981,6.1749622104259
SAS,1980,5.90183136235039
TSA,2024,94.478272245614
TSA,2023,91.9132098660559
TSA,2022,93.492008135925
TSA,2021,86.6950006761816
TSA,2020,86.5064748081605
TSA,2019,91.936868992899
TSA,2018,91.0258799504381
TSA,2017,90.1353353629688
TSA,2016,89.2178168358011
TSA,2015,88.4275947390716
TSA,2014,86.590687290438
TSA,2013,84.7482134624682
TSA,2012,83.6452622207993
TSA,2011,83.9213298899628
TSA,2010,81.1844855675905
TSA,2009,77.3094997109222
TSA,2008,73.562764323692
TSA,2007,68.231009555666
TSA,2006,69.2423238680649
TSA,2005,68.8573847885932
TSA,2004,67.9397933944077
TSA,2003,64.8334694603356
TSA,2002,62.5299183555347
TSA,2001,62.7739110131619
TSA,2000,61.6327528192172
TSA,1999,62.0245413338985
TSA,1998,63.4316923986412
TSA,1997,64.5734957867519
TSA,1996,67.5013709146644
TSA,1995,70.6251677669134
TSA,1994,68.8325186591703
TSA,1993,62.5683219774113
TSA,1992,57.3684165696255
TSA,1991,59.0907486011039
TSA,1990,69.4929601199409
TSA,1989,50.1843055388244
TSA,1988,37.7422437549489
TSA,1987,28.3505280642872
TSA,1986,19.091992373198
TSA,1985,16.9709385677261
TSA,1984,15.0126450530351
TSA,1983,13.2563964851612
TSA,1982,11.4092740028308
TSA,1981,6.1749622104259
TSA,1980,5.90183136235039
SSF,2024,73.9670083625573
SSF,2023,73.8921683536982
SSF,2022,72.7036132484339
SSF,2021,72.7440581754404
SSF,2020,73.6934712988402
SSF,2019,76.3082768656683
SSF,2018,75.0175254522947
SSF,2017,73.6621354004071
SSF,2016,73.19595391451
SSF,2015,70.2668570418098
SSF,2014,70.7869543277194
SSF,2013,68.5476255539634
SSF,2012,68.6696758893204
SSF,2011,71.8123674264478
SSF,2010,71.2503998360964
SSF,2009,72.3319703501723
SSF,2008,69.0449835901359
SSF,2007,65.9611977107689
SSF,2006,64.1451616008123
SSF,2005,62.0960732750988
SSF,2004,58.7949389215946
SSF,2003,55.7112966280257
SSF,2002,52.6854345273988
SSF,2001,51.2911761704388
SSF,2000,50.4310043202902
SSF,1999,48.5215332056862
SSF,1998,47.2526898510129
SSF,1997,48.6150834626839
SSF,1996,50.0006717655905
SSF,1995,52.2712748414126
SSF,1994,53.2883118479037
SSF,1993,48.8313376936129
SSF,1992,48.9511539797219
SSF,1991,48.5276921880054
SSF,1990,56.0274436198277
SSF,1989,49.8224782546871
SSF,1988,44.1445438363684
SSF,1987,40.6573342032689
SSF,1986,34.2773169648091
SSF,1985,29.3827153927352
SSF,1984,24.4904641996381
SSF,1983,18.576435881594
SSF,1982,11.7970505816083
SSF,1981,11.0071680483352
SSF,1980,5.22335111793587
SSA,2024,74.0738028007894
SSA,2023,74.3258910576987
SSA,2022,73.7881200930278
SSA,2021,73.8301809397209
SSA,2020,74.9781406620613
SSA,2019,77.9561786282012
SSA,2018,76.3958460499577
SSA,2017,74.5644886010695
SSA,2016,74.1375014462008
SSA,2015,71.1047730736041
SSA,2014,71.7837476288263
SSA,2013,69.5361107426195
SSA,2012,69.4761395506098
SSA,2011,72.5385037633153
SSA,2010,72.379744726951
SSA,2009,73.9514253933732
SSA,2008,70.7796128226247
SSA,2007,67.8322114288722
SSA,2006,66.3008882549873
SSA,2005,64.3844015170001
SSA,2004,61.1921905507753
SSA,2003,57.9987252286622
SSA,2002,54.8574857166987
SSA,2001,53.677083682692
SSA,2000,52.976956734487
SSA,1999,51.0902283120518
SSA,1998,47.9076948395729
SSA,1997,47.8143087166265
SSA,1996,49.3717375304337
SSA,1995,51.6774878204304
SSA,1994,52.8269943253503
SSA,1993,51.3557352180039
SSA,1992,53.2436072080639
SSA,1991,51.7344130170681
SSA,1990,56.8252817659897
SSA,1989,52.4912997563694
SSA,1988,47.2134938812591
SSA,1987,43.2388666031873
SSA,1986,37.0535673223832
SSA,1985,31.7249332800404
SSA,1984,26.5443763910311
SSA,1983,20.0695646402901
SSA,1982,12.7096694241515
SSA,1981,11.8323782936992
SSA,1980,5.76379874381182
TSS,2024,73.9670083625573
TSS,2023,73.8921683536982
TSS,2022,72.7036132484339
TSS,2021,72.7440581754404
TSS,2020,73.6934712988402
TSS,2019,76.3082768656683
TSS,2018,75.0175254522947
TSS,2017,73.6621354004071
TSS,2016,73.19595391451
TSS,2015,70.2668570418098
TSS,2014,70.7869543277194
TSS,2013,68.5476255539634
TSS,2012,68.6696758893204
TSS,2011,71.8123674264478
TSS,2010,71.2503998360964
TSS,2009,72.3319703501723
TSS,2008,69.0449835901359
TSS,2007,65.9611977107689
TSS,2006,64.1451616008123
TSS,2005,62.0960732750988
TSS,2004,58.7949389215946
TSS,2003,55.7112966280257
TSS,2002,52.6854345273988
TSS,2001,51.2911761704388
TSS,2000,50.4310043202902
TSS,1999,48.5215332056862
TSS,1998,47.2526898510129
TSS,1997,48.6150834626839
TSS,1996,50.0006717655905
TSS,1995,52.2712748414126
TSS,1994,53.2883118479037
TSS,1993,48.8313376936129
TSS,1992,48.9511539797219
TSS,1991,48.5276921880054
TSS,1990,56.0274436198277
TSS,1989,49.8224782546871
TSS,1988,44.1445438363684
TSS,1987,40.6573342032689
TSS,1986,34.2773169648091
TSS,1985,29.3827153927352
TSS,1984,24.4904641996381
TSS,1983,18.576435881594
TSS,1982,11.7970505816083
TSS,1981,11.0071680483352
TSS,1980,5.22335111793587
WLD,2024,84.7820762023213
WLD,2023,84.4928550665826
WLD,2022,85.0798771307488
WLD,2021,82.0728435034341
WLD,2020,83.5470028015877
WLD,2019,86.7602356483201
WLD,2018,86.5652440683969
WLD,2017,85.9194849414335
WLD,2016,85.913662261267
WLD,2015,84.8333672144387
WLD,2014,84.6611060170818
WLD,2013,83.6585144643451
WLD,2012,84.0262968351587
WLD,2011,84.761554230692
WLD,2010,83.6604991780953
WLD,2009,83.1138285248318
WLD,2008,81.0602407313777
WLD,2007,78.4444790939419
WLD,2006,78.4475079215323
WLD,2005,77.2663577510839
WLD,2004,76.3943527823862
WLD,2003,74.3679350927286
WLD,2002,72.7075654530744
WLD,2001,73.0021035277611
WLD,2000,72.2994955251968
WLD,1999,71.7899999204748
WLD,1998,71.3527978207708
WLD,1997,71.4546866235014
WLD,1996,72.3344416430361
WLD,1995,73.1551363907521
WLD,1994,72.7774534873119
WLD,1993,70.3932247618567
WLD,1992,70.5003303734906
WLD,1991,71.9086579487743
WLD,1990,76.0328780259763
WLD,1989,68.3693853279904
WLD,1988,63.2578316371458
WLD,1987,54.2608104238692
WLD,1986,49.8834272573714
WLD,1985,46.6638500656728
WLD,1984,42.2403570932317
WLD,1983,35.8977247209616
WLD,1982,22.3656374570644
WLD,1981,20.0949299565921
WLD,1980,16.7397646652008
AFG,2024,59
AFG,2023,60
AFG,2022,58
AFG,2021,55
AFG,2020,61
AFG,2019,65
AFG,2018,68
AFG,2017,64
AFG,2016,66
AFG,2015,64
AFG,2014,62
AFG,2013,64
AFG,2012,67
AFG,2011,68
AFG,2010,66
AFG,2009,63
AFG,2008,64
AFG,2007,63
AFG,2006,58
AFG,2005,58
AFG,2004,50
AFG,2003,41
AFG,2002,36
AFG,2001,33
AFG,2000,24
AFG,1999,27
AFG,1998,27
AFG,1997,28
AFG,1996,31
AFG,1995,20
AFG,1994,12
AFG,1993,18
AFG,1992,21
AFG,1991,23
AFG,1990,25
AFG,1989,33
AFG,1988,35
AFG,1987,25
AFG,1986,11
AFG,1985,15
AFG,1984,16
AFG,1983,5
AFG,1982,5
AFG,1981,3
AFG,1980,4
ALB,2024,97
ALB,2023,97
ALB,2022,97
ALB,2021,98
ALB,2020,98
ALB,2019,99
ALB,2018,99
ALB,2017,99
ALB,2016,99
ALB,2015,99
ALB,2014,99
ALB,2013,99
ALB,2012,99
ALB,2011,99
ALB,2010,99
ALB,2009,98
ALB,2008,99
ALB,2007,98
ALB,2006,97
ALB,2005,98
ALB,2004,97
ALB,2003,97
ALB,2002,98
ALB,2001,97
ALB,2000,97
ALB,1999,97
ALB,1998,96
ALB,1997,99
ALB,1996,98
ALB,1995,97
ALB,1994,99
ALB,1993,96
ALB,1992,94
ALB,1991,78
ALB,1990,94
ALB,1989,94
ALB,1988,96
ALB,1987,96
ALB,1986,96
ALB,1985,96
ALB,1984,95
ALB,1983,95
ALB,1982,95
ALB,1981,94
ALB,1980,94
DZA,2024,92
DZA,2023,92
DZA,2022,77
DZA,2021,81
DZA,2020,84
DZA,2019,88
DZA,2018,91
DZA,2017,91
DZA,2016,91
DZA,2015,95
DZA,2014,95
DZA,2013,95
DZA,2012,95
DZA,2011,95
DZA,2010,95
DZA,2009,95
DZA,2008,93
DZA,2007,95
DZA,2006,95
DZA,2005,88
DZA,2004,86
DZA,2003,87
DZA,2002,86
DZA,2001,89
DZA,2000,86
DZA,1999,83
DZA,1998,85
DZA,1997,89
DZA,1996,88
DZA,1995,88
DZA,1994,87
DZA,1993,88
DZA,1992,88
DZA,1991,89
DZA,1990,89
DZA,1989,87
DZA,1988,85
DZA,1987,79
DZA,1986,73
DZA,1985,69
AND,2024,98
AND,2023,98
AND,2022,98
AND,2021,99
AND,2020,99
AND,2019,99
AND,2018,99
AND,2017,99
AND,2016,98
AND,2015,97
AND,2014,97
AND,2013,96
AND,2012,99
AND,2011,99
AND,2010,99
AND,2009,99
AND,2008,99
AND,2007,96
AND,2006,93
AND,2005,98
AND,2004,99
AND,2003,99
AND,2002,97
AND,2001,96
AND,2000,98
AND,1999,90
AND,1998,89
AND,1997,90
AGO,2024,64
AGO,2023,66
AGO,2022,54
AGO,2021,55
AGO,2020,59
AGO,2019,64
AGO,2018,67
AGO,2017,58
AGO,2016,59
AGO,2015,57
AGO,2014,55
AGO,2013,54
AGO,2012,52
AGO,2011,50
AGO,2010,49
AGO,2009,47
AGO,2008,45
AGO,2007,43
AGO,2006,44
AGO,2005,47
AGO,2004,47
AGO,2003,46
AGO,2002,47
AGO,2001,42
AGO,2000,31
AGO,1999,21
AGO,1998,47
AGO,1997,41
AGO,1996,28
AGO,1995,24
AGO,1994,27
AGO,1993,30
AGO,1992,21
AGO,1991,26
AGO,1990,24
AGO,1989,18
AGO,1988,12
AGO,1987,10
AGO,1986,10
AGO,1985,8
AGO,1984,8
AGO,1983,6
ATG,2024,99
ATG,2023,97
ATG,2022,99
ATG,2021,92
ATG,2020,96
ATG,2019,99
ATG,2018,95
ATG,2017,95
ATG,2016,92
ATG,2015,99
ATG,2014,99
ATG,2013,99
ATG,2012,98
ATG,2011,99
ATG,2010,98
ATG,2009,99
ATG,2008,99
ATG,2007,99
ATG,2006,99
ATG,2005,99
ATG,2004,97
ATG,2003,99
ATG,2002,98
ATG,2001,97
ATG,2000,95
ATG,1999,99
ATG,1998,99
ATG,1997,99
ATG,1996,99
ATG,1995,99
ATG,1994,99
ATG,1993,99
ATG,1992,99
ATG,1991,94
ATG,1990,99
ATG,1989,99
ATG,1988,98
ATG,1987,97
ATG,1986,96
ATG,1985,99
ATG,1984,94
ATG,1983,99
ATG,1982,79
ATG,1981,79
ATG,1980,54
ARG,2024,75
ARG,2023,66
ARG,2022,84
ARG,2021,81
ARG,2020,74
ARG,2019,83
ARG,2018,86
ARG,2017,88
ARG,2016,92
ARG,2015,94
ARG,2014,94
ARG,2013,94
ARG,2012,91
ARG,2011,91
ARG,2010,94
ARG,2009,94
ARG,2008,93
ARG,2007,91
ARG,2006,91
ARG,2005,98
ARG,2004,98
ARG,2003,96
ARG,2002,93
ARG,2001,83
ARG,2000,83
ARG,1999,86
ARG,1998,84
ARG,1997,88
ARG,1996,83
ARG,1995,85
ARG,1994,82
ARG,1993,81
ARG,1992,81
ARG,1991,80
ARG,1990,87
ARG,1989,80
ARG,1988,80
ARG,1987,75
ARG,1986,67
ARG,1985,66
ARG,1984,62
ARG,1983,61
ARG,1982,58
ARG,1981,49
ARG,1980,44
ARM,2024,94
ARM,2023,94
ARM,2022,93
ARM,2021,93
ARM,2020,91
ARM,2019,92
ARM,2018,92
ARM,2017,94
ARM,2016,94
ARM,2015,94
ARM,2014,93
ARM,2013,95
ARM,2012,95
ARM,2011,95
ARM,2010,94
ARM,2009,93
ARM,2008,89
ARM,2007,88
ARM,2006,87
ARM,2005,90
ARM,2004,91
ARM,2003,94
ARM,2002,94
ARM,2001,94
ARM,2000,93
ARM,1999,91
ARM,1998,82
ARM,1997,88
ARM,1996,86
ARM,1995,98
ARM,1994,86
ARM,1993,85
ARM,1992,85
AUS,2024,93
AUS,2023,94
AUS,2022,94
AUS,2021,95
AUS,2020,95
AUS,2019,95
AUS,2018,95
AUS,2017,95
AUS,2016,94
AUS,2015,93
AUS,2014,92
AUS,2013,91
AUS,2012,92
AUS,2011,92
AUS,2010,92
AUS,2009,92
AUS,2008,92
AUS,2007,92
AUS,2006,92
AUS,2005,92
AUS,2004,92
AUS,2003,93
AUS,2002,92
AUS,2001,92
AUS,2000,90
AUS,1999,88
AUS,1998,82
AUS,1997,77
AUS,1996,86
AUS,1995,86
AUS,1994,88
AUS,1993,90
AUS,1992,91
AUS,1991,93
AUS,1990,95
AUS,1989,93
AUS,1988,88
AUS,1987,81
AUS,1986,75
AUS,1985,68
AUS,1984,62
AUS,1983,55
AUS,1982,48
AUS,1981,40
AUS,1980,33
AUT,2024,85
AUT,2023,87
AUT,2022,84
AUT,2021,86
AUT,2020,85
AUT,2019,88
AUT,2018,85
AUT,2017,90
AUT,2016,87
AUT,2015,93
AUT,2014,98
AUT,2013,95
AUT,2012,92
AUT,2011,89
AUT,2010,86
AUT,2009,83
AUT,2008,83
AUT,2007,85
AUT,2006,83
AUT,2005,86
AUT,2004,83
AUT,2003,84
AUT,2002,83
AUT,2001,84
AUT,2000,81
AUT,1999,74
AUT,1998,82
AUT,1997,90
AUT,1996,90
AUT,1995,90
AUT,1994,90
AUT,1993,90
AUT,1992,90
AUT,1991,90
AUT,1990,90
AUT,1989,90
AUT,1988,90
AUT,1987,90
AUT,1986,90
AUT,1985,90
AUT,1984,90
AUT,1983,90
AUT,1982,90
AUT,1981,90
AUT,1980,90
AZE,2024,51
AZE,2023,51
AZE,2022,51
AZE,2021,49
AZE,2020,56
AZE,2019,74
AZE,2018,74
AZE,2017,76
AZE,2016,78
AZE,2015,79
AZE,2014,78
AZE,2013,78
AZE,2012,79
AZE,2011,82
AZE,2010,81
AZE,2009,81
AZE,2008,81
AZE,2007,79
AZE,2006,78
AZE,2005,75
AZE,2004,77
AZE,2003,77
AZE,2002,76
AZE,2001,77
AZE,2000,76
AZE,1999,75
AZE,1998,73
AZE,1997,70
AZE,1996,74
AZE,1995,74
AZE,1994,69
AZE,1993,66
AZE,1992,58
BHS,2024,90
BHS,2023,87
BHS,2022,87
BHS,2021,86
BHS,2020,83
BHS,2019,89
BHS,2018,90
BHS,2017,94
BHS,2016,94
BHS,2015,95
BHS,2014,96
BHS,2013,97
BHS,2012,98
BHS,2011,98
BHS,2010,99
BHS,2009,96
BHS,2008,93
BHS,2007,95
BHS,2006,95
BHS,2005,93
BHS,2004,93
BHS,2003,92
BHS,2002,94
BHS,2001,99
BHS,2000,99
BHS,1999,82
BHS,1998,89
BHS,1997,86
BHS,1996,85
BHS,1995,87
BHS,1994,91
BHS,1993,91
BHS,1992,92
BHS,1991,92
BHS,1990,86
BHS,1989,86
BHS,1988,85
BHS,1987,85
BHS,1986,85
BHS,1985,86
BHS,1984,69
BHS,1983,65
BHS,1982,69
BHS,1981,55
BHS,1980,36
BHR,2024,96
BHR,2023,99
BHR,2022,97
BHR,2021,98
BHR,2020,98
BHR,2019,99
BHR,2018,99
BHR,2017,97
BHR,2016,99
BHR,2015,98
BHR,2014,99
BHR,2013,99
BHR,2012,99
BHR,2011,99
BHR,2010,99
BHR,2009,98
BHR,2008,97
BHR,2007,97
BHR,2006,98
BHR,2005,98
BHR,2004,98
BHR,2003,97
BHR,2002,98
BHR,2001,99
BHR,2000,97
BHR,1999,97
BHR,1998,98
BHR,1997,98
BHR,1996,96
BHR,1995,95
BHR,1994,96
BHR,1993,94
BHR,1992,94
BHR,1991,99
BHR,1990,94
BHR,1989,96
BHR,1988,96
BHR,1987,95
BHR,1986,92
BHR,1985,90
BHR,1984,86
BHR,1983,83
BHR,1982,79
BHR,1981,75
BHR,1980,72
BGD,2024,97
BGD,2023,97
BGD,2022,97
BGD,2021,97
BGD,2020,97
BGD,2019,98
BGD,2018,98
BGD,2017,98
BGD,2016,98
BGD,2015,98
BGD,2014,97
BGD,2013,96
BGD,2012,94
BGD,2011,96
BGD,2010,94
BGD,2009,97
BGD,2008,96
BGD,2007,94
BGD,2006,94
BGD,2005,93
BGD,2004,99
BGD,2003,87
BGD,2002,83
BGD,2001,85
BGD,2000,82
BGD,1999,80
BGD,1998,77
BGD,1997,78
BGD,1996,77
BGD,1995,69
BGD,1994,84
BGD,1993,74
BGD,1992,66
BGD,1991,74
BGD,1990,69
BGD,1989,49
BGD,1988,16
BGD,1987,9
BGD,1986,4
BGD,1985,2
BGD,1984,1
BGD,1983,1
BGD,1982,1
BGD,1981,1
BRB,2024,94
BRB,2023,85
BRB,2022,86
BRB,2021,82
BRB,2020,85
BRB,2019,90
BRB,2018,95
BRB,2017,90
BRB,2016,97
BRB,2015,97
BRB,2014,94
BRB,2013,91
BRB,2012,87
BRB,2011,91
BRB,2010,86
BRB,2009,93
BRB,2008,85
BRB,2007,93
BRB,2006,84
BRB,2005,92
BRB,2004,93
BRB,2003,89
BRB,2002,87
BRB,2001,84
BRB,2000,93
BRB,1999,87
BRB,1998,93
BRB,1997,96
BRB,1996,85
BRB,1995,93
BRB,1994,90
BRB,1993,86
BRB,1992,90
BRB,1991,82
BRB,1990,91
BRB,1989,78
BRB,1988,76
BRB,1987,79
BRB,1986,79
BRB,1985,83
BRB,1984,83
BRB,1983,69
BRB,1982,62
BRB,1981,58
BRB,1980,60
BLR,2024,98
BLR,2023,98
BLR,2022,98
BLR,2021,98
BLR,2020,97
BLR,2019,98
BLR,2018,97
BLR,2017,97
BLR,2016,98
BLR,2015,99
BLR,2014,97
BLR,2013,98
BLR,2012,98
BLR,2011,98
BLR,2010,98
BLR,2009,96
BLR,2008,97
BLR,2007,95
BLR,2006,99
BLR,2005,99
BLR,2004,99
BLR,2003,50
BLR,2002,99
BLR,2001,99
BLR,2000,99
BLR,1999,99
BLR,1998,99
BLR,1997,98
BLR,1996,98
BLR,1995,96
BLR,1994,92
BLR,1993,91
BLR,1992,90
BEL,2024,97
BEL,2023,98
BEL,2022,98
BEL,2021,98
BEL,2020,98
BEL,2019,97
BEL,2018,98
BEL,2017,98
BEL,2016,98
BEL,2015,99
BEL,2014,99
BEL,2013,99
BEL,2012,99
BEL,2011,98
BEL,2010,98
BEL,2009,98
BEL,2008,99
BEL,2007,98
BEL,2006,98
BEL,2005,97
BEL,2004,95
BEL,2003,95
BEL,2002,95
BEL,2001,95
BEL,2000,95
BEL,1999,87
BEL,1998,79
BEL,1997,87
BEL,1996,95
BEL,1995,94
BEL,1994,96
BEL,1993,97
BEL,1992,95
BEL,1991,92
BEL,1990,93
BEL,1989,94
BEL,1988,80
BEL,1987,95
BEL,1986,95
BEL,1985,95
BEL,1984,95
BEL,1983,95
BEL,1982,95
BEL,1981,95
BEL,1980,95
BLZ,2024,88
BLZ,2023,85
BLZ,2022,84
BLZ,2021,83
BLZ,2020,79
BLZ,2019,98
BLZ,2018,96
BLZ,2017,88
BLZ,2016,95
BLZ,2015,94
BLZ,2014,95
BLZ,2013,95
BLZ,2012,98
BLZ,2011,95
BLZ,2010,96
BLZ,2009,97
BLZ,2008,94
BLZ,2007,96
BLZ,2006,98
BLZ,2005,96
BLZ,2004,97
BLZ,2003,96
BLZ,2002,89
BLZ,2001,96
BLZ,2000,91
BLZ,1999,87
BLZ,1998,87
BLZ,1997,86
BLZ,1996,85
BLZ,1995,83
BLZ,1994,88
BLZ,1993,85
BLZ,1992,74
BLZ,1991,82
BLZ,1990,91
BLZ,1989,79
BLZ,1988,61
BLZ,1987,85
BLZ,1986,82
BLZ,1985,58
BLZ,1984,53
BLZ,1983,59
BLZ,1982,61
BLZ,1981,44
BLZ,1980,47
BEN,2024,63
BEN,2023,69
BEN,2022,69
BEN,2021,70
BEN,2020,70
BEN,2019,72
BEN,2018,74
BEN,2017,76
BEN,2016,78
BEN,2015,74
BEN,2014,74
BEN,2013,77
BEN,2012,80
BEN,2011,75
BEN,2010,76
BEN,2009,79
BEN,2008,75
BEN,2007,82
BEN,2006,74
BEN,2005,70
BEN,2004,72
BEN,2003,73
BEN,2002,75
BEN,2001,76
BEN,2000,78
BEN,1999,74
BEN,1998,70
BEN,1997,66
BEN,1996,66
BEN,1995,67
BEN,1994,81
BEN,1993,75
BEN,1992,73
BEN,1991,69
BEN,1990,74
BEN,1989,48
BEN,1988,30
BEN,1987,25
BEN,1986,17
BEN,1985,17
BTN,2024,98
BTN,2023,99
BTN,2022,98
BTN,2021,98
BTN,2020,95
BTN,2019,97
BTN,2018,97
BTN,2017,98
BTN,2016,98
BTN,2015,99
BTN,2014,99
BTN,2013,97
BTN,2012,97
BTN,2011,95
BTN,2010,91
BTN,2009,93
BTN,2008,96
BTN,2007,95
BTN,2006,95
BTN,2005,95
BTN,2004,89
BTN,2003,95
BTN,2002,86
BTN,2001,88
BTN,2000,92
BTN,1999,90
BTN,1998,86
BTN,1997,87
BTN,1996,87
BTN,1995,87
BTN,1994,86
BTN,1993,79
BTN,1992,86
BTN,1991,91
BTN,1990,96
BTN,1989,76
BTN,1988,70
BTN,1987,63
BTN,1986,53
BTN,1985,41
BTN,1984,28
BTN,1983,16
BTN,1982,15
BTN,1981,13
BTN,1980,6
BOL,2024,59
BOL,2023,67
BOL,2022,69
BOL,2021,70
BOL,2020,68
BOL,2019,75
BOL,2018,83
BOL,2017,84
BOL,2016,87
BOL,2015,89
BOL,2014,85
BOL,2013,86
BOL,2012,93
BOL,2011,95
BOL,2010,91
BOL,2009,93
BOL,2008,88
BOL,2007,84
BOL,2006,83
BOL,2005,85
BOL,2004,84
BOL,2003,88
BOL,2002,77
BOL,2001,71
BOL,2000,75
BOL,1999,77
BOL,1998,61
BOL,1997,58
BOL,1996,61
BOL,1995,64
BOL,1994,58
BOL,1993,52
BOL,1992,45
BOL,1991,43
BOL,1990,41
BOL,1989,52
BOL,1988,28
BOL,1987,35
BOL,1986,42
BOL,1985,33
BOL,1984,6
BOL,1983,10
BOL,1982,12
BOL,1981,13
BOL,1980,11
BIH,2024,79
BIH,2023,73
BIH,2022,75
BIH,2021,76
BIH,2020,78
BIH,2019,80
BIH,2018,73
BIH,2017,75
BIH,2016,78
BIH,2015,82
BIH,2014,86
BIH,2013,89
BIH,2012,92
BIH,2011,88
BIH,2010,89
BIH,2009,90
BIH,2008,91
BIH,2007,95
BIH,2006,87
BIH,2005,93
BIH,2004,84
BIH,2003,87
BIH,2002,80
BIH,2001,91
BIH,2000,85
BIH,1999,90
BIH,1998,89
BIH,1997,79
BIH,1996,67
BIH,1995,55
BIH,1994,82
BIH,1993,38
BIH,1992,58
BWA,2024,95
BWA,2023,95
BWA,2022,86
BWA,2021,95
BWA,2020,95
BWA,2019,95
BWA,2018,95
BWA,2017,95
BWA,2016,95
BWA,2015,95
BWA,2014,95
BWA,2013,95
BWA,2012,95
BWA,2011,95
BWA,2010,95
BWA,2009,96
BWA,2008,96
BWA,2007,96
BWA,2006,96
BWA,2005,96
BWA,2004,96
BWA,2003,96
BWA,2002,97
BWA,2001,97
BWA,2000,97
BWA,1999,97
BWA,1998,98
BWA,1997,96
BWA,1996,96
BWA,1995,95
BWA,1994,94
BWA,1993,94
BWA,1992,94
BWA,1991,93
BWA,1990,92
BWA,1989,92
BWA,1988,88
BWA,1987,88
BWA,1986,86
BWA,1985,84
BWA,1984,83
BWA,1983,82
BWA,1982,82
BWA,1981,75
BWA,1980,71
BRA,2024,91
BRA,2023,90
BRA,2022,77
BRA,2021,68
BRA,2020,77
BRA,2019,70
BRA,2018,87
BRA,2017,83
BRA,2016,89
BRA,2015,96
BRA,2014,93
BRA,2013,97
BRA,2012,95
BRA,2011,99
BRA,2010,99
BRA,2009,99
BRA,2008,99
BRA,2007,99
BRA,2006,99
BRA,2005,99
BRA,2004,99
BRA,2003,99
BRA,2002,99
BRA,2001,98
BRA,2000,98
BRA,1999,94
BRA,1998,93
BRA,1997,79
BRA,1996,77
BRA,1995,81
BRA,1994,74
BRA,1993,75
BRA,1992,71
BRA,1991,78
BRA,1990,66
BRA,1989,56
BRA,1988,58
BRA,1987,58
BRA,1986,58
BRA,1985,66
BRA,1984,68
BRA,1983,60
BRA,1982,56
BRA,1981,47
BRA,1980,37
BRN,2024,99
BRN,2023,99
BRN,2022,99
BRN,2021,99
BRN,2020,99
BRN,2019,99
BRN,2018,99
BRN,2017,99
BRN,2016,99
BRN,2015,99
BRN,2014,99
BRN,2013,99
BRN,2012,95
BRN,2011,97
BRN,2010,95
BRN,2009,99
BRN,2008,98
BRN,2007,99
BRN,2006,97
BRN,2005,94
BRN,2004,92
BRN,2003,92
BRN,2002,94
BRN,2001,97
BRN,2000,99
BRN,1999,92
BRN,1998,97
BRN,1997,99
BRN,1996,99
BRN,1995,99
BRN,1994,99
BRN,1993,99
BRN,1992,96
BRN,1991,95
BRN,1990,93
BRN,1989,91
BRN,1988,89
BRN,1987,85
BRN,1986,86
BRN,1985,88
BRN,1984,96
BRN,1983,85
BRN,1982,99
BRN,1981,94
BRN,1980,89
BGR,2024,94
BGR,2023,92
BGR,2022,91
BGR,2021,89
BGR,2020,91
BGR,2019,93
BGR,2018,92
BGR,2017,92
BGR,2016,92
BGR,2015,91
BGR,2014,88
BGR,2013,95
BGR,2012,95
BGR,2011,95
BGR,2010,94
BGR,2009,94
BGR,2008,95
BGR,2007,95
BGR,2006,95
BGR,2005,96
BGR,2004,95
BGR,2003,96
BGR,2002,93
BGR,2001,94
BGR,2000,93
BGR,1999,96
BGR,1998,95
BGR,1997,94
BGR,1996,95
BGR,1995,96
BGR,1994,93
BGR,1993,98
BGR,1992,98
BGR,1991,99
BGR,1990,99
BGR,1989,99
BGR,1988,99
BGR,1987,99
BGR,1986,99
BGR,1985,99
BGR,1984,99
BGR,1983,99
BGR,1982,99
BGR,1981,99
BGR,1980,98
BFA,2024,91
BFA,2023,91
BFA,2022,91
BFA,2021,91
BFA,2020,91
BFA,2019,91
BFA,2018,91
BFA,2017,91
BFA,2016,91
BFA,2015,91
BFA,2014,91
BFA,2013,88
BFA,2012,90
BFA,2011,91
BFA,2010,91
BFA,2009,92
BFA,2008,93
BFA,2007,89
BFA,2006,86
BFA,2005,82
BFA,2004,79
BFA,2003,79
BFA,2002,69
BFA,2001,62
BFA,2000,45
BFA,1999,15
BFA,1998,15
BFA,1997,39
BFA,1996,37
BFA,1995,34
BFA,1994,36
BFA,1993,39
BFA,1992,39
BFA,1991,53
BFA,1990,66
BFA,1989,44
BFA,1988,34
BFA,1987,23
BFA,1986,19
BFA,1985,9
BDI,2024,89
BDI,2023,89
BDI,2022,91
BDI,2021,94
BDI,2020,93
BDI,2019,93
BDI,2018,90
BDI,2017,91
BDI,2016,94
BDI,2015,94
BDI,2014,95
BDI,2013,96
BDI,2012,96
BDI,2011,96
BDI,2010,96
BDI,2009,94
BDI,2008,92
BDI,2007,99
BDI,2006,92
BDI,2005,87
BDI,2004,83
BDI,2003,82
BDI,2002,81
BDI,2001,81
BDI,2000,80
BDI,1999,79
BDI,1998,65
BDI,1997,74
BDI,1996,73
BDI,1995,73
BDI,1994,48
BDI,1993,63
BDI,1992,80
BDI,1991,83
BDI,1990,86
BDI,1989,82
BDI,1988,51
BDI,1987,68
BDI,1986,55
BDI,1985,36
BDI,1984,26
BDI,1983,44
BDI,1982,33
BDI,1981,36
CPV,2024,93
CPV,2023,93
CPV,2022,93
CPV,2021,93
CPV,2020,93
CPV,2019,96
CPV,2018,98
CPV,2017,96
CPV,2016,96
CPV,2015,93
CPV,2014,95
CPV,2013,93
CPV,2012,94
CPV,2011,90
CPV,2010,99
CPV,2009,99
CPV,2008,99
CPV,2007,98
CPV,2006,96
CPV,2005,95
CPV,2004,93
CPV,2003,92
CPV,2002,91
CPV,2001,90
CPV,2000,90
CPV,1999,89
CPV,1998,88
CPV,1997,87
CPV,1996,88
CPV,1995,88
CPV,1994,89
CPV,1993,89
CPV,1992,88
CPV,1991,87
CPV,1990,88
CPV,1989,99
CPV,1988,88
CPV,1987,92
CPV,1986,54
CPV,1985,39
CPV,1984,31
CPV,1983,23
KHM,2024,83
KHM,2023,84
KHM,2022,84
KHM,2021,86
KHM,2020,86
KHM,2019,88
KHM,2018,89
KHM,2017,90
KHM,2016,91
KHM,2015,91
KHM,2014,90
KHM,2013,86
KHM,2012,90
KHM,2011,91
KHM,2010,90
KHM,2009,94
KHM,2008,91
KHM,2007,82
KHM,2006,80
KHM,2005,82
KHM,2004,85
KHM,2003,69
KHM,2002,54
KHM,2001,60
KHM,2000,59
KHM,1999,53
KHM,1998,47
KHM,1997,46
KHM,1996,43
KHM,1995,39
KHM,1994,37
KHM,1993,35
KHM,1992,32
KHM,1991,38
KHM,1990,38
KHM,1989,47
KHM,1988,45
KHM,1987,37
KHM,1986,37
KHM,1985,23
KHM,1984,17
CMR,2024,77
CMR,2023,75
CMR,2022,71
CMR,2021,71
CMR,2020,68
CMR,2019,67
CMR,2018,68
CMR,2017,74
CMR,2016,78
CMR,2015,76
CMR,2014,76
CMR,2013,76
CMR,2012,79
CMR,2011,81
CMR,2010,84
CMR,2009,80
CMR,2008,84
CMR,2007,82
CMR,2006,81
CMR,2005,80
CMR,2004,73
CMR,2003,73
CMR,2002,66
CMR,2001,63
CMR,2000,62
CMR,1999,59
CMR,1998,56
CMR,1997,48
CMR,1996,46
CMR,1995,46
CMR,1994,38
CMR,1993,37
CMR,1992,37
CMR,1991,42
CMR,1990,48
CMR,1989,56
CMR,1988,50
CMR,1987,44
CMR,1986,39
CMR,1985,33
CMR,1984,27
CMR,1983,25
CMR,1982,15
CMR,1981,5
CAN,2024,92
CAN,2023,92
CAN,2022,92
CAN,2021,92
CAN,2020,92
CAN,2019,91
CAN,2018,91
CAN,2017,91
CAN,2016,91
CAN,2015,91
CAN,2014,91
CAN,2013,91
CAN,2012,91
CAN,2011,87
CAN,2010,89
CAN,2009,91
CAN,2008,92
CAN,2007,94
CAN,2006,95
CAN,2005,93
CAN,2004,91
CAN,2003,91
CAN,2002,88
CAN,2001,89
CAN,2000,89
CAN,1999,90
CAN,1998,90
CAN,1997,86
CAN,1996,90
CAN,1995,87
CAN,1994,93
CAN,1993,90
CAN,1992,89
CAN,1991,88
CAN,1990,88
CAN,1989,87
CAN,1988,86
CAN,1987,85
CAF,2024,42
CAF,2023,40
CAF,2022,33
CAF,2021,35
CAF,2020,37
CAF,2019,38
CAF,2018,40
CAF,2017,42
CAF,2016,42
CAF,2015,43
CAF,2014,45
CAF,2013,23
CAF,2012,47
CAF,2011,47
CAF,2010,45
CAF,2009,42
CAF,2008,45
CAF,2007,48
CAF,2006,51
CAF,2005,54
CAF,2004,51
CAF,2003,47
CAF,2002,44
CAF,2001,40
CAF,2000,37
CAF,1999,33
CAF,1998,43
CAF,1997,43
CAF,1996,48
CAF,1995,53
CAF,1994,48
CAF,1993,47
CAF,1992,45
CAF,1991,64
CAF,1990,82
CAF,1989,64
CAF,1988,42
CAF,1987,22
CAF,1986,19
CAF,1985,20
CAF,1984,17
CAF,1983,16
CAF,1982,14
CAF,1981,11
CAF,1980,13
TCD,2024,68
TCD,2023,67
TCD,2022,66
TCD,2021,62
TCD,2020,55
TCD,2019,53
TCD,2018,47
TCD,2017,41
TCD,2016,41
TCD,2015,42
TCD,2014,36
TCD,2013,39
TCD,2012,40
TCD,2011,33
TCD,2010,40
TCD,2009,26
TCD,2008,19
TCD,2007,29
TCD,2006,41
TCD,2005,26
TCD,2004,22
TCD,2003,23
TCD,2002,25
TCD,2001,26
TCD,2000,38
TCD,1999,45
TCD,1998,37
TCD,1997,24
TCD,1996,20
TCD,1995,18
TCD,1994,18
TCD,1993,13
TCD,1992,10
TCD,1991,18
TCD,1990,20
TCD,1989,20
TCD,1988,14
TCD,1987,14
TCD,1986,10
TCD,1985,3
TCD,1984,3
TCD,1983,1
CHL,2024,95
CHL,2023,96
CHL,2022,96
CHL,2021,95
CHL,2020,93
CHL,2019,96
CHL,2018,95
CHL,2017,93
CHL,2016,95
CHL,2015,96
CHL,2014,95
CHL,2013,91
CHL,2012,90
CHL,2011,94
CHL,2010,92
CHL,2009,94
CHL,2008,95
CHL,2007,96
CHL,2006,94
CHL,2005,91
CHL,2004,93
CHL,2003,96
CHL,2002,97
CHL,2001,97
CHL,2000,91
CHL,1999,95
CHL,1998,90
CHL,1997,90
CHL,1996,91
CHL,1995,94
CHL,1994,94
CHL,1993,90
CHL,1992,90
CHL,1991,94
CHL,1990,95
CHL,1989,95
CHL,1988,96
CHL,1987,93
CHL,1986,90
CHL,1985,99
CHL,1984,99
CHL,1983,89
CHL,1982,99
CHL,1981,99
CHL,1980,93
CHN,2024,97
CHN,2023,96
CHN,2022,99
CHN,2021,99
CHN,2020,99
CHN,2019,99
CHN,2018,99
CHN,2017,99
CHN,2016,99
CHN,2015,99
CHN,2014,99
CHN,2013,99
CHN,2012,99
CHN,2011,99
CHN,2010,99
CHN,2009,99
CHN,2008,97
CHN,2007,93
CHN,2006,93
CHN,2005,87
CHN,2004,87
CHN,2003,86
CHN,2002,86
CHN,2001,86
CHN,2000,85
CHN,1999,85
CHN,1998,84
CHN,1997,84
CHN,1996,83
CHN,1995,80
CHN,1994,85
CHN,1993,88
CHN,1992,91
CHN,1991,94
CHN,1990,97
CHN,1989,95
CHN,1988,95
CHN,1987,75
CHN,1986,78
CHN,1985,78
CHN,1984,73
CHN,1983,58
COL,2024,89
COL,2023,90
COL,2022,87
COL,2021,87
COL,2020,88
COL,2019,94
COL,2018,92
COL,2017,92
COL,2016,91
COL,2015,91
COL,2014,90
COL,2013,91
COL,2012,92
COL,2011,85
COL,2010,88
COL,2009,92
COL,2008,92
COL,2007,94
COL,2006,93
COL,2005,93
COL,2004,89
COL,2003,92
COL,2002,81
COL,2001,80
COL,2000,79
COL,1999,74
COL,1998,73
COL,1997,84
COL,1996,85
COL,1995,85
COL,1994,85
COL,1993,88
COL,1992,78
COL,1991,84
COL,1990,88
COL,1989,78
COL,1988,74
COL,1987,58
COL,1986,48
COL,1985,61
COL,1984,61
COL,1983,42
COL,1982,26
COL,1981,20
COL,1980,16
COM,2024,75
COM,2023,75
COM,2022,78
COM,2021,72
COM,2020,74
COM,2019,78
COM,2018,77
COM,2017,79
COM,2016,75
COM,2015,80
COM,2014,80
COM,2013,83
COM,2012,86
COM,2011,83
COM,2010,74
COM,2009,83
COM,2008,81
COM,2007,75
COM,2006,69
COM,2005,68
COM,2004,76
COM,2003,80
COM,2002,89
COM,2001,70
COM,2000,70
COM,1999,73
COM,1998,75
COM,1997,48
COM,1996,60
COM,1995,75
COM,1994,58
COM,1993,70
COM,1992,38
COM,1991,52
COM,1990,94
COM,1989,82
COM,1988,43
COM,1987,71
COM,1986,71
COM,1985,51
COM,1984,31
COD,2024,65
COD,2023,60
COD,2022,65
COD,2021,65
COD,2020,70
COD,2019,73
COD,2018,71
COD,2017,71
COD,2016,70
COD,2015,70
COD,2014,73
COD,2013,71
COD,2012,71
COD,2011,70
COD,2010,60
COD,2009,71
COD,2008,68
COD,2007,65
COD,2006,62
COD,2005,61
COD,2004,54
COD,2003,42
COD,2002,38
COD,2001,30
COD,2000,30
COD,1999,25
COD,1998,18
COD,1997,18
COD,1996,18
COD,1995,23
COD,1994,26
COD,1993,29
COD,1992,23
COD,1991,16
COD,1990,35
COD,1989,38
COD,1988,41
COD,1987,38
COD,1986,32
COD,1985,37
COD,1984,27
COD,1983,16
COD,1982,17
COD,1981,18
COG,2024,78
COG,2023,78
COG,2022,78
COG,2021,77
COG,2020,73
COG,2019,79
COG,2018,75
COG,2017,69
COG,2016,71
COG,2015,80
COG,2014,90
COG,2013,85
COG,2012,85
COG,2011,83
COG,2010,76
COG,2009,80
COG,2008,80
COG,2007,73
COG,2006,74
COG,2005,63
COG,2004,67
COG,2003,50
COG,2002,41
COG,2001,31
COG,2000,33
COG,1999,29
COG,1998,26
COG,1997,23
COG,1996,37
COG,1995,50
COG,1994,55
COG,1993,60
COG,1992,67
COG,1991,74
COG,1990,79
COG,1989,79
COG,1988,72
COG,1987,72
COG,1986,71
COG,1985,54
COG,1984,53
COG,1983,50
COG,1982,47
COG,1981,42
COG,1980,42
CRI,2024,99
CRI,2023,99
CRI,2022,95
CRI,2021,93
CRI,2020,97
CRI,2019,95
CRI,2018,94
CRI,2017,96
CRI,2016,97
CRI,2015,92
CRI,2014,91
CRI,2013,95
CRI,2012,91
CRI,2011,85
CRI,2010,88
CRI,2009,86
CRI,2008,90
CRI,2007,89
CRI,2006,89
CRI,2005,91
CRI,2004,90
CRI,2003,88
CRI,2002,94
CRI,2001,91
CRI,2000,88
CRI,1999,86
CRI,1998,85
CRI,1997,94
CRI,1996,85
CRI,1995,85
CRI,1994,88
CRI,1993,88
CRI,1992,90
CRI,1991,90
CRI,1990,95
CRI,1989,86
CRI,1988,87
CRI,1987,94
CRI,1986,89
CRI,1985,90
CRI,1984,93
CRI,1983,86
CRI,1982,81
CRI,1981,85
CRI,1980,86
CIV,2024,77
CIV,2023,79
CIV,2022,73
CIV,2021,73
CIV,2020,72
CIV,2019,79
CIV,2018,83
CIV,2017,83
CIV,2016,87
CIV,2015,79
CIV,2014,73
CIV,2013,75
CIV,2012,82
CIV,2011,61
CIV,2010,78
CIV,2009,81
CIV,2008,74
CIV,2007,76
CIV,2006,77
CIV,2005,77
CIV,2004,68
CIV,2003,62
CIV,2002,65
CIV,2001,66
CIV,2000,65
CIV,1999,58
CIV,1998,58
CIV,1997,58
CIV,1996,55
CIV,1995,52
CIV,1994,50
CIV,1993,50
CIV,1992,49
CIV,1991,39
CIV,1990,54
CIV,1989,42
CIV,1988,31
CIV,1987,31
CIV,1986,30
CIV,1985,25
CIV,1984,19
HRV,2024,92
HRV,2023,93
HRV,2022,92
HRV,2021,92
HRV,2020,94
HRV,2019,94
HRV,2018,93
HRV,2017,92
HRV,2016,93
HRV,2015,94
HRV,2014,95
HRV,2013,96
HRV,2012,96
HRV,2011,96
HRV,2010,97
HRV,2009,96
HRV,2008,96
HRV,2007,96
HRV,2006,96
HRV,2005,96
HRV,2004,96
HRV,2003,94
HRV,2002,95
HRV,2001,94
HRV,2000,93
HRV,1999,93
HRV,1998,93
HRV,1997,92
HRV,1996,91
HRV,1995,90
HRV,1994,87
HRV,1993,85
HRV,1992,83
CUB,2024,99
CUB,2023,99
CUB,2022,99
CUB,2021,99
CUB,2020,99
CUB,2019,99
CUB,2018,99
CUB,2017,99
CUB,2016,99
CUB,2015,99
CUB,2014,99
CUB,2013,99
CUB,2012,99
CUB,2011,97
CUB,2010,96
CUB,2009,96
CUB,2008,95
CUB,2007,93
CUB,2006,89
CUB,2005,89
CUB,2004,88
CUB,2003,72
CUB,2002,99
CUB,2001,98
CUB,2000,95
CUB,1999,95
CUB,1998,99
CUB,1997,99
CUB,1996,90
CUB,1995,99
CUB,1994,99
CUB,1993,99
CUB,1992,94
CUB,1991,99
CUB,1990,92
CUB,1989,96
CUB,1988,98
CUB,1987,87
CUB,1986,99
CUB,1985,91
CUB,1984,86
CUB,1983,99
CUB,1982,99
CUB,1981,68
CUB,1980,67
CYP,2024,94
CYP,2023,95
CYP,2022,96
CYP,2021,96
CYP,2020,96
CYP,2019,96
CYP,2018,99
CYP,2017,97
CYP,2016,97
CYP,2015,97
CYP,2014,99
CYP,2013,99
CYP,2012,99
CYP,2011,99
CYP,2010,99
CYP,2009,99
CYP,2008,97
CYP,2007,97
CYP,2006,97
CYP,2005,98
CYP,2004,98
CYP,2003,98
CYP,2002,98
CYP,2001,97
CYP,2000,97
CYP,1999,97
CYP,1998,98
CYP,1997,98
CYP,1996,98
CYP,1995,96
CYP,1994,95
CYP,1993,95
CYP,1992,94
CYP,1991,94
CYP,1990,93
CYP,1989,93
CYP,1988,90
CYP,1987,93
CYP,1986,91
CYP,1985,61
CYP,1984,30
CYP,1983,34
CYP,1982,26
CYP,1981,56
CYP,1980,34
CZE,2024,86
CZE,2023,90
CZE,2022,94
CZE,2021,94
CZE,2020,97
CZE,2019,97
CZE,2018,97
CZE,2017,96
CZE,2016,96
CZE,2015,97
CZE,2014,97
CZE,2013,98
CZE,2012,99
CZE,2011,99
CZE,2010,99
CZE,2009,99
CZE,2008,99
CZE,2007,99
CZE,2006,98
CZE,2005,97
CZE,2004,98
CZE,2003,97
CZE,2002,98
CZE,2001,98
CZE,2000,98
CZE,1999,98
CZE,1998,98
CZE,1997,98
CZE,1996,97
CZE,1995,96
CZE,1994,98
CZE,1993,99
DNK,2024,96
DNK,2023,97
DNK,2022,97
DNK,2021,97
DNK,2020,97
DNK,2019,97
DNK,2018,97
DNK,2017,98
DNK,2016,94
DNK,2015,93
DNK,2014,94
DNK,2013,94
DNK,2012,94
DNK,2011,91
DNK,2010,90
DNK,2009,89
DNK,2008,88
DNK,2007,87
DNK,2006,93
DNK,2005,93
DNK,2004,95
DNK,2003,96
DNK,2002,98
DNK,2001,97
DNK,2000,97
DNK,1999,99
DNK,1998,99
DNK,1997,92
DNK,1996,77
DNK,1995,90
DNK,1994,89
DNK,1993,88
DNK,1992,91
DNK,1991,90
DNK,1990,90
DNK,1989,89
DNK,1988,87
DNK,1987,88
DNK,1986,89
DNK,1985,90
DNK,1984,86
DNK,1983,86
DNK,1982,87
DNK,1981,88
DNK,1980,88
DJI,2024,77
DJI,2023,72
DJI,2022,59
DJI,2021,59
DJI,2020,70
DJI,2019,85
DJI,2018,84
DJI,2017,76
DJI,2016,68
DJI,2015,84
DJI,2014,78
DJI,2013,82
DJI,2012,81
DJI,2011,87
DJI,2010,88
DJI,2009,89
DJI,2008,89
DJI,2007,88
DJI,2006,72
DJI,2005,71
DJI,2004,64
DJI,2003,68
DJI,2002,62
DJI,2001,53
DJI,2000,46
DJI,1999,23
DJI,1998,23
DJI,1997,32
DJI,1996,41
DJI,1995,41
DJI,1994,41
DJI,1993,41
DJI,1992,41
DJI,1991,53
DJI,1990,85
DJI,1989,77
DJI,1988,65
DJI,1987,25
DJI,1986,24
DJI,1985,22
DJI,1984,21
DJI,1983,14
DJI,1982,6
DMA,2024,90
DMA,2023,56
DMA,2022,82
DMA,2021,92
DMA,2020,96
DMA,2019,99
DMA,2018,94
DMA,2017,91
DMA,2016,99
DMA,2015,98
DMA,2014,97
DMA,2013,97
DMA,2012,97
DMA,2011,98
DMA,2010,98
DMA,2009,99
DMA,2008,96
DMA,2007,96
DMA,2006,95
DMA,2005,98
DMA,2004,99
DMA,2003,99
DMA,2002,98
DMA,2001,99
DMA,2000,99
DMA,1999,99
DMA,1998,99
DMA,1997,92
DMA,1996,99
DMA,1995,99
DMA,1994,99
DMA,1993,99
DMA,1992,99
DMA,1991,98
DMA,1990,92
DMA,1989,92
DMA,1988,96
DMA,1987,95
DMA,1986,93
DMA,1985,91
DMA,1984,84
DMA,1983,93
DMA,1982,99
DMA,1981,97
DMA,1980,63
DOM,2024,87
DOM,2023,90
DOM,2022,88
DOM,2021,84
DOM,2020,82
DOM,2019,89
DOM,2018,87
DOM,2017,84
DOM,2016,87
DOM,2015,85
DOM,2014,91
DOM,2013,83
DOM,2012,85
DOM,2011,84
DOM,2010,88
DOM,2009,82
DOM,2008,82
DOM,2007,85
DOM,2006,89
DOM,2005,87
DOM,2004,79
DOM,2003,79
DOM,2002,82
DOM,2001,72
DOM,2000,78
DOM,1999,83
DOM,1998,75
DOM,1997,73
DOM,1996,72
DOM,1995,72
DOM,1994,74
DOM,1993,75
DOM,1992,73
DOM,1991,71
DOM,1990,69
DOM,1989,58
DOM,1988,69
DOM,1987,80
DOM,1986,80
DOM,1985,39
DOM,1984,34
DOM,1983,29
DOM,1982,28
DOM,1981,27
DOM,1980,36
ECU,2024,70
ECU,2023,70
ECU,2022,70
ECU,2021,72
ECU,2020,70
ECU,2019,85
ECU,2018,85
ECU,2017,85
ECU,2016,83
ECU,2015,78
ECU,2014,83
ECU,2013,87
ECU,2012,87
ECU,2011,88
ECU,2010,91
ECU,2009,94
ECU,2008,96
ECU,2007,96
ECU,2006,96
ECU,2005,92
ECU,2004,88
ECU,2003,87
ECU,2002,88
ECU,2001,89
ECU,2000,87
ECU,1999,79
ECU,1998,85
ECU,1997,81
ECU,1996,82
ECU,1995,83
ECU,1994,84
ECU,1993,85
ECU,1992,87
ECU,1991,59
ECU,1990,68
ECU,1989,55
ECU,1988,54
ECU,1987,51
ECU,1986,44
ECU,1985,41
ECU,1984,48
ECU,1983,31
ECU,1982,35
ECU,1981,26
ECU,1980,10
EGY,2024,97
EGY,2023,96
EGY,2022,97
EGY,2021,96
EGY,2020,94
EGY,2019,95
EGY,2018,95
EGY,2017,94
EGY,2016,95
EGY,2015,93
EGY,2014,94
EGY,2013,97
EGY,2012,93
EGY,2011,96
EGY,2010,97
EGY,2009,97
EGY,2008,97
EGY,2007,98
EGY,2006,98
EGY,2005,98
EGY,2004,97
EGY,2003,98
EGY,2002,97
EGY,2001,99
EGY,2000,98
EGY,1999,97
EGY,1998,92
EGY,1997,88
EGY,1996,90
EGY,1995,88
EGY,1994,83
EGY,1993,81
EGY,1992,79
EGY,1991,76
EGY,1990,87
EGY,1989,90
EGY,1988,87
EGY,1987,81
EGY,1986,80
EGY,1985,84
EGY,1984,69
EGY,1983,57
EGY,1982,57
EGY,1981,57
EGY,1980,57
SLV,2024,95
SLV,2023,96
SLV,2022,95
SLV,2021,97
SLV,2020,89
SLV,2019,96
SLV,2018,89
SLV,2017,92
SLV,2016,98
SLV,2015,94
SLV,2014,94
SLV,2013,92
SLV,2012,93
SLV,2011,89
SLV,2010,89
SLV,2009,91
SLV,2008,98
SLV,2007,99
SLV,2006,96
SLV,2005,89
SLV,2004,90
SLV,2003,94
SLV,2002,81
SLV,2001,92
SLV,2000,99
SLV,1999,94
SLV,1998,99
SLV,1997,97
SLV,1996,96
SLV,1995,99
SLV,1994,90
SLV,1993,79
SLV,1992,60
SLV,1991,61
SLV,1990,80
SLV,1989,64
SLV,1988,63
SLV,1987,53
SLV,1986,50
SLV,1985,55
SLV,1984,31
SLV,1983,21
SLV,1982,42
SLV,1981,42
SLV,1980,44
GNQ,2024,68
GNQ,2023,74
GNQ,2022,70
GNQ,2021,67
GNQ,2020,64
GNQ,2019,62
GNQ,2018,59
GNQ,2017,56
GNQ,2016,53
GNQ,2015,40
GNQ,2014,53
GNQ,2013,53
GNQ,2012,54
GNQ,2011,54
GNQ,2010,54
GNQ,2009,52
GNQ,2008,50
GNQ,2007,48
GNQ,2006,46
GNQ,2005,44
GNQ,2004,43
GNQ,2003,41
GNQ,2002,39
GNQ,2001,37
GNQ,2000,35
GNQ,1999,33
GNQ,1998,81
GNQ,1997,81
GNQ,1996,80
GNQ,1995,79
GNQ,1994,77
GNQ,1993,76
GNQ,1992,76
GNQ,1991,77
GNQ,1990,77
GNQ,1989,48
GNQ,1988,19
GNQ,1987,10
GNQ,1986,3
GNQ,1985,3
ERI,2024,95
ERI,2023,95
ERI,2022,95
ERI,2021,95
ERI,2020,95
ERI,2019,95
ERI,2018,95
ERI,2017,95
ERI,2016,95
ERI,2015,95
ERI,2014,94
ERI,2013,94
ERI,2012,94
ERI,2011,94
ERI,2010,95
ERI,2009,95
ERI,2008,95
ERI,2007,95
ERI,2006,94
ERI,2005,96
ERI,2004,98
ERI,2003,93
ERI,2002,90
ERI,2001,86
ERI,2000,81
ERI,1999,93
ERI,1998,86
ERI,1997,75
ERI,1996,66
ERI,1995,58
ERI,1994,49
ERI,1993,32
EST,2024,81
EST,2023,84
EST,2022,87
EST,2021,90
EST,2020,91
EST,2019,91
EST,2018,92
EST,2017,93
EST,2016,93
EST,2015,93
EST,2014,93
EST,2013,94
EST,2012,94
EST,2011,93
EST,2010,94
EST,2009,95
EST,2008,95
EST,2007,95
EST,2006,95
EST,2005,96
EST,2004,94
EST,2003,94
EST,2002,94
EST,2001,94
EST,2000,93
EST,1999,91
EST,1998,88
EST,1997,87
EST,1996,87
EST,1995,82
EST,1994,77
EST,1993,71
SWZ,2024,84
SWZ,2023,85
SWZ,2022,97
SWZ,2021,77
SWZ,2020,83
SWZ,2019,90
SWZ,2018,90
SWZ,2017,90
SWZ,2016,90
SWZ,2015,90
SWZ,2014,98
SWZ,2013,98
SWZ,2012,95
SWZ,2011,91
SWZ,2010,89
SWZ,2009,88
SWZ,2008,88
SWZ,2007,87
SWZ,2006,87
SWZ,2005,86
SWZ,2004,86
SWZ,2003,85
SWZ,2002,85
SWZ,2001,84
SWZ,2000,84
SWZ,1999,83
SWZ,1998,83
SWZ,1997,82
SWZ,1996,82
SWZ,1995,82
SWZ,1994,96
SWZ,1993,89
SWZ,1992,93
SWZ,1991,79
SWZ,1990,89
SWZ,1989,89
SWZ,1988,89
SWZ,1987,86
SWZ,1986,74
SWZ,1985,61
SWZ,1984,50
SWZ,1983,43
SWZ,1982,39
SWZ,1981,30
ETH,2024,73
ETH,2023,70
ETH,2022,63
ETH,2021,63
ETH,2020,62
ETH,2019,61
ETH,2018,62
ETH,2017,65
ETH,2016,64
ETH,2015,62
ETH,2014,61
ETH,2013,59
ETH,2012,61
ETH,2011,65
ETH,2010,61
ETH,2009,58
ETH,2008,54
ETH,2007,50
ETH,2006,46
ETH,2005,43
ETH,2004,39
ETH,2003,37
ETH,2002,35
ETH,2001,32
ETH,2000,30
ETH,1999,28
ETH,1998,42
ETH,1997,55
ETH,1996,55
ETH,1995,57
ETH,1994,57
ETH,1993,28
ETH,1992,13
ETH,1991,21
ETH,1990,49
ETH,1989,26
ETH,1988,16
ETH,1987,16
ETH,1986,7
ETH,1985,6
ETH,1984,4
ETH,1983,4
ETH,1982,3
ETH,1981,3
FJI,2024,94
FJI,2023,97
FJI,2022,96
FJI,2021,98
FJI,2020,97
FJI,2019,97
FJI,2018,94
FJI,2017,91
FJI,2016,95
FJI,2015,99
FJI,2014,99
FJI,2013,99
FJI,2012,99
FJI,2011,99
FJI,2010,99
FJI,2009,99
FJI,2008,99
FJI,2007,99
FJI,2006,98
FJI,2005,96
FJI,2004,95
FJI,2003,94
FJI,2002,93
FJI,2001,91
FJI,2000,90
FJI,1999,89
FJI,1998,87
FJI,1997,86
FJI,1996,97
FJI,1995,97
FJI,1994,96
FJI,1993,96
FJI,1992,97
FJI,1991,99
FJI,1990,97
FJI,1989,98
FJI,1988,98
FJI,1987,90
FJI,1986,71
FJI,1985,69
FJI,1984,77
FJI,1983,80
FJI,1982,64
FJI,1981,70
FJI,1980,68
FIN,2024,91
FIN,2023,91
FIN,2022,91
FIN,2021,89
FIN,2020,89
FIN,2019,91
FIN,2018,91
FIN,2017,89
FIN,2016,92
FIN,2015,97
FIN,2014,98
FIN,2013,98
FIN,2012,99
FIN,2011,99
FIN,2010,99
FIN,2009,99
FIN,2008,99
FIN,2007,99
FIN,2006,97
FIN,2005,97
FIN,2004,98
FIN,2003,98
FIN,2002,98
FIN,2001,98
FIN,2000,99
FIN,1999,99
FIN,1998,99
FIN,1997,99
FIN,1996,99
FIN,1995,99
FIN,1994,99
FIN,1993,99
FIN,1992,99
FIN,1991,95
FIN,1990,90
FIN,1989,90
FIN,1988,99
FIN,1987,98
FIN,1986,97
FIN,1985,96
FIN,1984,95
FIN,1983,94
FIN,1982,94
FIN,1981,92
FIN,1980,92
FRA,2024,96
FRA,2023,96
FRA,2022,96
FRA,2021,96
FRA,2020,96
FRA,2019,95
FRA,2018,95
FRA,2017,95
FRA,2016,95
FRA,2015,96
FRA,2014,92
FRA,2013,88
FRA,2012,99
FRA,2011,99
FRA,2010,99
FRA,2009,98
FRA,2008,99
FRA,2007,99
FRA,2006,99
FRA,2005,98
FRA,2004,98
FRA,2003,97
FRA,2002,97
FRA,2001,97
FRA,2000,97
FRA,1999,97
FRA,1998,96
FRA,1997,97
FRA,1996,97
FRA,1995,96
FRA,1994,96
FRA,1993,94
FRA,1992,94
FRA,1991,94
FRA,1990,94
FRA,1989,95
FRA,1988,79
FRA,1987,88
FRA,1986,96
FRA,1985,95
FRA,1984,94
FRA,1983,90
FRA,1982,85
FRA,1981,79
FRA,1980,79
GAB,2024,61
GAB,2023,70
GAB,2022,60
GAB,2021,75
GAB,2020,63
GAB,2019,70
GAB,2018,70
GAB,2017,75
GAB,2016,75
GAB,2015,80
GAB,2014,70
GAB,2013,79
GAB,2012,82
GAB,2011,75
GAB,2010,67
GAB,2009,76
GAB,2008,82
GAB,2007,81
GAB,2006,45
GAB,2005,45
GAB,2004,45
GAB,2003,45
GAB,2002,45
GAB,2001,45
GAB,2000,45
GAB,1999,45
GAB,1998,50
GAB,1997,54
GAB,1996,62
GAB,1995,70
GAB,1994,69
GAB,1993,67
GAB,1992,66
GAB,1991,72
GAB,1990,78
GAB,1989,78
GAB,1988,72
GAB,1987,65
GAB,1986,59
GAB,1985,48
GAB,1984,31
GAB,1983,14
GMB,2024,80
GMB,2023,84
GMB,2022,79
GMB,2021,82
GMB,2020,85
GMB,2019,88
GMB,2018,93
GMB,2017,92
GMB,2016,95
GMB,2015,97
GMB,2014,96
GMB,2013,97
GMB,2012,98
GMB,2011,96
GMB,2010,97
GMB,2009,98
GMB,2008,96
GMB,2007,95
GMB,2006,95
GMB,2005,95
GMB,2004,87
GMB,2003,87
GMB,2002,87
GMB,2001,87
GMB,2000,80
GMB,1999,75
GMB,1998,97
GMB,1997,96
GMB,1996,96
GMB,1995,96
GMB,1994,93
GMB,1993,90
GMB,1992,85
GMB,1991,85
GMB,1990,92
GMB,1989,87
GMB,1988,82
GMB,1987,85
GMB,1986,73
GMB,1985,78
GMB,1984,70
GMB,1983,62
GMB,1982,80
GMB,1981,76
GMB,1980,63
GEO,2024,86
GEO,2023,88
GEO,2022,85
GEO,2021,85
GEO,2020,88
GEO,2019,94
GEO,2018,93
GEO,2017,91
GEO,2016,92
GEO,2015,94
GEO,2014,91
GEO,2013,93
GEO,2012,92
GEO,2011,94
GEO,2010,92
GEO,2009,88
GEO,2008,92
GEO,2007,98
GEO,2006,88
GEO,2005,82
GEO,2004,78
GEO,2003,75
GEO,2002,84
GEO,2001,87
GEO,2000,80
GEO,1999,84
GEO,1998,80
GEO,1997,80
GEO,1996,80
GEO,1995,79
GEO,1994,58
GEO,1993,54
GEO,1992,58
DEU,2024,89
DEU,2023,89
DEU,2022,89
DEU,2021,92
DEU,2020,91
DEU,2019,91
DEU,2018,91
DEU,2017,91
DEU,2016,91
DEU,2015,93
DEU,2014,93
DEU,2013,93
DEU,2012,95
DEU,2011,95
DEU,2010,96
DEU,2009,96
DEU,2008,96
DEU,2007,96
DEU,2006,96
DEU,2005,96
DEU,2004,96
DEU,2003,97
DEU,2002,93
DEU,2001,93
DEU,2000,90
DEU,1999,97
DEU,1998,89
DEU,1997,87
DEU,1996,84
DEU,1995,78
DEU,1994,73
DEU,1993,62
DEU,1992,85
DEU,1991,80
DEU,1990,80
DEU,1989,80
DEU,1988,80
DEU,1987,80
DEU,1986,90
DEU,1985,80
DEU,1984,94
DEU,1983,93
DEU,1982,97
DEU,1981,95
GHA,2024,95
GHA,2023,95
GHA,2022,99
GHA,2021,98
GHA,2020,94
GHA,2019,97
GHA,2018,97
GHA,2017,99
GHA,2016,93
GHA,2015,89
GHA,2014,98
GHA,2013,90
GHA,2012,92
GHA,2011,91
GHA,2010,94
GHA,2009,94
GHA,2008,93
GHA,2007,94
GHA,2006,84
GHA,2005,84
GHA,2004,80
GHA,2003,80
GHA,2002,78
GHA,2001,79
GHA,2000,88
GHA,1999,79
GHA,1998,76
GHA,1997,71
GHA,1996,71
GHA,1995,70
GHA,1994,70
GHA,1993,66
GHA,1992,62
GHA,1991,60
GHA,1990,58
GHA,1989,51
GHA,1988,47
GHA,1987,42
GHA,1986,35
GHA,1985,22
GHA,1984,19
GHA,1983,23
GHA,1982,23
GHA,1981,22
GHA,1980,7
GRC,2024,95
GRC,2023,95
GRC,2022,98
GRC,2021,99
GRC,2020,99
GRC,2019,99
GRC,2018,99
GRC,2017,99
GRC,2016,99
GRC,2015,99
GRC,2014,99
GRC,2013,99
GRC,2012,99
GRC,2011,99
GRC,2010,99
GRC,2009,99
GRC,2008,99
GRC,2007,99
GRC,2006,98
GRC,2005,96
GRC,2004,95
GRC,2003,94
GRC,2002,92
GRC,2001,91
GRC,2000,89
GRC,1999,88
GRC,1998,89
GRC,1997,90
GRC,1996,90
GRC,1995,90
GRC,1994,90
GRC,1993,89
GRC,1992,89
GRC,1991,85
GRC,1990,54
GRC,1989,54
GRC,1988,83
GRC,1987,82
GRC,1986,80
GRC,1985,54
GRC,1984,60
GRC,1983,72
GRC,1982,83
GRC,1981,95
GRC,1980,72
GRD,2024,93
GRD,2023,86
GRD,2022,77
GRD,2021,77
GRD,2020,72
GRD,2019,94
GRD,2018,95
GRD,2017,96
GRD,2016,96
GRD,2015,92
GRD,2014,97
GRD,2013,97
GRD,2012,97
GRD,2011,95
GRD,2010,97
GRD,2009,99
GRD,2008,99
GRD,2007,96
GRD,2006,91
GRD,2005,99
GRD,2004,83
GRD,2003,97
GRD,2002,98
GRD,2001,96
GRD,2000,97
GRD,1999,88
GRD,1998,97
GRD,1997,95
GRD,1996,80
GRD,1995,95
GRD,1994,91
GRD,1993,89
GRD,1992,90
GRD,1991,85
GRD,1990,80
GRD,1989,87
GRD,1988,65
GRD,1987,80
GRD,1986,98
GRD,1985,61
GRD,1984,76
GRD,1983,68
GRD,1982,56
GRD,1981,43
GRD,1980,25
GTM,2024,81
GTM,2023,88
GTM,2022,81
GTM,2021,80
GTM,2020,90
GTM,2019,88
GTM,2018,85
GTM,2017,91
GTM,2016,83
GTM,2015,70
GTM,2014,74
GTM,2013,96
GTM,2012,96
GTM,2011,88
GTM,2010,94
GTM,2009,92
GTM,2008,95
GTM,2007,85
GTM,2006,89
GTM,2005,87
GTM,2004,87
GTM,2003,84
GTM,2002,82
GTM,2001,77
GTM,2000,81
GTM,1999,77
GTM,1998,78
GTM,1997,73
GTM,1996,66
GTM,1995,77
GTM,1994,71
GTM,1993,75
GTM,1992,66
GTM,1991,63
GTM,1990,66
GTM,1989,50
GTM,1988,47
GTM,1987,16
GTM,1986,37
GTM,1985,21
GTM,1984,48
GTM,1983,44
GTM,1982,45
GTM,1981,42
GTM,1980,43
GIN,2024,63
GIN,2023,60
GIN,2022,58
GIN,2021,56
GIN,2020,54
GIN,2019,53
GIN,2018,51
GIN,2017,49
GIN,2016,47
GIN,2015,48
GIN,2014,52
GIN,2013,56
GIN,2012,59
GIN,2011,63
GIN,2010,64
GIN,2009,57
GIN,2008,60
GIN,2007,63
GIN,2006,57
GIN,2005,59
GIN,2004,60
GIN,2003,57
GIN,2002,53
GIN,2001,50
GIN,2000,46
GIN,1999,43
GIN,1998,56
GIN,1997,47
GIN,1996,48
GIN,1995,54
GIN,1994,53
GIN,1993,53
GIN,1992,52
GIN,1991,36
GIN,1990,17
GIN,1989,17
GIN,1988,16
GIN,1987,15
GIN,1986,15
GIN,1985,15
GIN,1984,15
GIN,1983,15
GIN,1982,15
GNB,2024,68
GNB,2023,74
GNB,2022,74
GNB,2021,67
GNB,2020,74
GNB,2019,78
GNB,2018,82
GNB,2017,79
GNB,2016,85
GNB,2015,86
GNB,2014,86
GNB,2013,87
GNB,2012,87
GNB,2011,86
GNB,2010,83
GNB,2009,80
GNB,2008,77
GNB,2007,74
GNB,2006,71
GNB,2005,68
GNB,2004,64
GNB,2003,60
GNB,2002,57
GNB,2001,53
GNB,2000,49
GNB,1999,45
GNB,1998,54
GNB,1997,63
GNB,1996,53
GNB,1995,45
GNB,1994,74
GNB,1993,63
GNB,1992,67
GNB,1991,63
GNB,1990,61
GNB,1989,54
GNB,1988,66
GNB,1987,55
GNB,1986,47
GNB,1985,18
GNB,1984,18
GNB,1983,9
GUY,2024,98
GUY,2023,98
GUY,2022,98
GUY,2021,98
GUY,2020,99
GUY,2019,99
GUY,2018,95
GUY,2017,97
GUY,2016,97
GUY,2015,95
GUY,2014,98
GUY,2013,98
GUY,2012,97
GUY,2011,93
GUY,2010,95
GUY,2009,98
GUY,2008,93
GUY,2007,94
GUY,2006,93
GUY,2005,93
GUY,2004,91
GUY,2003,90
GUY,2002,91
GUY,2001,85
GUY,2000,88
GUY,1999,83
GUY,1998,90
GUY,1997,88
GUY,1996,83
GUY,1995,86
GUY,1994,90
GUY,1993,93
GUY,1992,79
GUY,1991,81
GUY,1990,83
GUY,1989,77
GUY,1988,64
GUY,1987,67
GUY,1986,64
GUY,1985,75
GUY,1984,70
GUY,1983,58
GUY,1982,53
GUY,1981,45
GUY,1980,35
HTI,2024,60
HTI,2023,54
HTI,2022,48
HTI,2021,48
HTI,2020,58
HTI,2019,54
HTI,2018,57
HTI,2017,60
HTI,2016,59
HTI,2015,64
HTI,2014,63
HTI,2013,65
HTI,2012,66
HTI,2011,68
HTI,2010,67
HTI,2009,65
HTI,2008,64
HTI,2007,63
HTI,2006,61
HTI,2005,60
HTI,2004,57
HTI,2003,54
HTI,2002,51
HTI,2001,47
HTI,2000,44
HTI,1999,41
HTI,1998,42
HTI,1997,42
HTI,1996,42
HTI,1995,42
HTI,1994,41
HTI,1993,39
HTI,1992,38
HTI,1991,36
HTI,1990,41
HTI,1989,50
HTI,1988,48
HTI,1987,28
HTI,1986,24
HTI,1985,19
HTI,1984,14
HTI,1983,9
HTI,1982,13
HTI,1981,14
HTI,1980,3
HND,2024,75
HND,2023,73
HND,2022,78
HND,2021,77
HND,2020,80
HND,2019,88
HND,2018,91
HND,2017,90
HND,2016,95
HND,2015,98
HND,2014,99
HND,2013,99
HND,2012,98
HND,2011,97
HND,2010,97
HND,2009,97
HND,2008,93
HND,2007,94
HND,2006,95
HND,2005,98
HND,2004,94
HND,2003,92
HND,2002,95
HND,2001,96
HND,2000,94
HND,1999,95
HND,1998,97
HND,1997,95
HND,1996,94
HND,1995,94
HND,1994,94
HND,1993,94
HND,1992,93
HND,1991,94
HND,1990,84
HND,1989,85
HND,1988,74
HND,1987,58
HND,1986,62
HND,1985,58
HND,1984,41
HND,1983,52
HND,1982,46
HND,1981,34
HND,1980,28
HUN,2024,99
HUN,2023,99
HUN,2022,99
HUN,2021,99
HUN,2020,99
HUN,2019,99
HUN,2018,99
HUN,2017,99
HUN,2016,99
HUN,2015,99
HUN,2014,99
HUN,2013,99
HUN,2012,99
HUN,2011,99
HUN,2010,99
HUN,2009,99
HUN,2008,99
HUN,2007,99
HUN,2006,99
HUN,2005,99
HUN,2004,99
HUN,2003,99
HUN,2002,99
HUN,2001,99
HUN,2000,99
HUN,1999,99
HUN,1998,99
HUN,1997,99
HUN,1996,99
HUN,1995,99
HUN,1994,99
HUN,1993,99
HUN,1992,99
HUN,1991,99
HUN,1990,99
HUN,1989,99
HUN,1988,99
HUN,1987,99
HUN,1986,99
HUN,1985,99
HUN,1984,99
HUN,1983,99
HUN,1982,99
HUN,1981,99
HUN,1980,99
ISL,2024,94
ISL,2023,92
ISL,2022,92
ISL,2021,92
ISL,2020,93
ISL,2019,93
ISL,2018,91
ISL,2017,89
ISL,2016,91
ISL,2015,92
ISL,2014,90
ISL,2013,91
ISL,2012,89
ISL,2011,95
ISL,2010,96
ISL,2009,96
ISL,2008,98
ISL,2007,97
ISL,2006,97
ISL,2005,95
ISL,2004,99
ISL,2003,97
ISL,2002,95
ISL,2001,92
ISL,2000,98
ISL,1999,98
ISL,1998,99
ISL,1997,99
ISL,1996,99
ISL,1995,99
ISL,1994,99
ISL,1993,99
ISL,1992,99
ISL,1991,99
ISL,1990,99
ISL,1989,99
ISL,1988,99
ISL,1987,99
ISL,1986,99
ISL,1985,99
ISL,1984,99
ISL,1983,94
ISL,1982,98
ISL,1981,99
ISL,1980,99
IND,2024,94
IND,2023,91
IND,2022,93
IND,2021,85
IND,2020,85
IND,2019,91
IND,2018,90
IND,2017,89
IND,2016,88
IND,2015,87
IND,2014,85
IND,2013,83
IND,2012,82
IND,2011,82
IND,2010,79
IND,2009,74
IND,2008,70
IND,2007,64
IND,2006,65
IND,2005,65
IND,2004,63
IND,2003,61
IND,2002,59
IND,2001,59
IND,2000,58
IND,1999,59
IND,1998,61
IND,1997,62
IND,1996,66
IND,1995,71
IND,1994,67
IND,1993,61
IND,1992,56
IND,1991,57
IND,1990,70
IND,1989,50
IND,1988,40
IND,1987,30
IND,1986,20
IND,1985,18
IND,1984,16
IND,1983,14
IND,1982,12
IND,1981,6
IND,1980,6
IDN,2024,78
IDN,2023,83
IDN,2022,91
IDN,2021,67
IDN,2020,77
IDN,2019,85
IDN,2018,85
IDN,2017,85
IDN,2016,84
IDN,2015,84
IDN,2014,88
IDN,2013,92
IDN,2012,87
IDN,2011,81
IDN,2010,81
IDN,2009,78
IDN,2008,77
IDN,2007,73
IDN,2006,72
IDN,2005,72
IDN,2004,71
IDN,2003,71
IDN,2002,70
IDN,2001,76
IDN,2000,75
IDN,1999,75
IDN,1998,74
IDN,1997,73
IDN,1996,72
IDN,1995,69
IDN,1994,68
IDN,1993,66
IDN,1992,64
IDN,1991,62
IDN,1990,60
IDN,1989,57
IDN,1988,54
IDN,1987,50
IDN,1986,47
IDN,1985,27
IDN,1984,13
IDN,1983,6
IDN,1982,1
IDN,1981,1
IRN,2024,98
IRN,2023,99
IRN,2022,99
IRN,2021,98
IRN,2020,99
IRN,2019,99
IRN,2018,99
IRN,2017,99
IRN,2016,99
IRN,2015,98
IRN,2014,99
IRN,2013,98
IRN,2012,99
IRN,2011,99
IRN,2010,99
IRN,2009,99
IRN,2008,99
IRN,2007,99
IRN,2006,98
IRN,2005,95
IRN,2004,99
IRN,2003,99
IRN,2002,99
IRN,2001,96
IRN,2000,99
IRN,1999,99
IRN,1998,99
IRN,1997,99
IRN,1996,99
IRN,1995,98
IRN,1994,95
IRN,1993,99
IRN,1992,97
IRN,1991,88
IRN,1990,91
IRN,1989,82
IRN,1988,88
IRN,1987,57
IRN,1986,57
IRN,1985,51
IRN,1984,33
IRN,1983,33
IRN,1982,41
IRN,1981,29
IRN,1980,32
IRQ,2024,90
IRQ,2023,91
IRQ,2022,93
IRQ,2021,78
IRQ,2020,74
IRQ,2019,84
IRQ,2018,86
IRQ,2017,81
IRQ,2016,71
IRQ,2015,68
IRQ,2014,73
IRQ,2013,73
IRQ,2012,72
IRQ,2011,81
IRQ,2010,74
IRQ,2009,78
IRQ,2008,69
IRQ,2007,57
IRQ,2006,59
IRQ,2005,65
IRQ,2004,74
IRQ,2003,75
IRQ,2002,77
IRQ,2001,78
IRQ,2000,80
IRQ,1999,81
IRQ,1998,76
IRQ,1997,78
IRQ,1996,76
IRQ,1995,74
IRQ,1994,72
IRQ,1993,70
IRQ,1992,74
IRQ,1991,78
IRQ,1990,83
IRQ,1989,87
IRQ,1988,87
IRQ,1987,94
IRQ,1986,91
IRQ,1985,86
IRQ,1984,67
IRQ,1983,16
IRQ,1982,18
IRQ,1981,13
IRQ,1980,14
IRL,2024,92
IRL,2023,93
IRL,2022,93
IRL,2021,94
IRL,2020,94
IRL,2019,94
IRL,2018,94
IRL,2017,95
IRL,2016,95
IRL,2015,95
IRL,2014,96
IRL,2013,96
IRL,2012,95
IRL,2011,95
IRL,2010,94
IRL,2009,94
IRL,2008,93
IRL,2007,92
IRL,2006,91
IRL,2005,90
IRL,2004,89
IRL,2003,86
IRL,2002,83
IRL,2001,84
IRL,2000,86
IRL,1999,86
IRL,1998,84
IRL,1997,76
IRL,1996,74
IRL,1995,73
IRL,1994,71
IRL,1993,70
IRL,1992,68
IRL,1991,67
IRL,1990,65
IRL,1989,65
IRL,1988,43
IRL,1987,44
IRL,1986,44
IRL,1985,45
IRL,1984,45
IRL,1983,42
IRL,1982,43
IRL,1981,36
IRL,1980,34
ISR,2024,98
ISR,2023,98
ISR,2022,98
ISR,2021,98
ISR,2020,98
ISR,2019,98
ISR,2018,98
ISR,2017,98
ISR,2016,94
ISR,2015,95
ISR,2014,95
ISR,2013,96
ISR,2012,94
ISR,2011,94
ISR,2010,95
ISR,2009,96
ISR,2008,94
ISR,2007,95
ISR,2006,95
ISR,2005,93
ISR,2004,95
ISR,2003,93
ISR,2002,90
ISR,2001,92
ISR,2000,93
ISR,1999,91
ISR,1998,92
ISR,1997,95
ISR,1996,94
ISR,1995,96
ISR,1994,95
ISR,1993,96
ISR,1992,95
ISR,1991,94
ISR,1990,93
ISR,1989,92
ISR,1988,92
ISR,1987,92
ISR,1986,92
ISR,1985,85
ISR,1984,87
ISR,1983,89
ISR,1982,92
ISR,1981,91
ISR,1980,84
ITA,2024,94
ITA,2023,95
ITA,2022,95
ITA,2021,94
ITA,2020,94
ITA,2019,96
ITA,2018,95
ITA,2017,95
ITA,2016,94
ITA,2015,93
ITA,2014,95
ITA,2013,96
ITA,2012,97
ITA,2011,96
ITA,2010,96
ITA,2009,96
ITA,2008,96
ITA,2007,97
ITA,2006,96
ITA,2005,95
ITA,2004,94
ITA,2003,96
ITA,2002,93
ITA,2001,93
ITA,2000,87
ITA,1999,95
ITA,1998,95
ITA,1997,95
ITA,1996,96
ITA,1995,95
ITA,1994,95
ITA,1993,95
ITA,1992,95
ITA,1991,95
ITA,1990,83
JAM,2024,99
JAM,2023,99
JAM,2022,98
JAM,2021,90
JAM,2020,96
JAM,2019,96
JAM,2018,97
JAM,2017,93
JAM,2016,99
JAM,2015,91
JAM,2014,92
JAM,2013,93
JAM,2012,96
JAM,2011,92
JAM,2010,94
JAM,2009,90
JAM,2008,90
JAM,2007,91
JAM,2006,94
JAM,2005,99
JAM,2004,96
JAM,2003,94
JAM,2002,97
JAM,2001,98
JAM,2000,93
JAM,1999,89
JAM,1998,86
JAM,1997,90
JAM,1996,92
JAM,1995,90
JAM,1994,93
JAM,1993,91
JAM,1992,84
JAM,1991,85
JAM,1990,86
JAM,1989,85
JAM,1988,82
JAM,1987,81
JAM,1986,74
JAM,1985,60
JAM,1984,58
JAM,1983,51
JAM,1982,34
JAM,1981,39
JAM,1980,24
JPN,2024,99
JPN,2023,98
JPN,2022,99
JPN,2021,99
JPN,2020,96
JPN,2019,98
JPN,2018,98
JPN,2017,99
JPN,2016,99
JPN,2015,96
JPN,2014,96
JPN,2013,96
JPN,2012,97
JPN,2011,97
JPN,2010,97
JPN,2009,97
JPN,2008,98
JPN,2007,98
JPN,2006,98
JPN,2005,98
JPN,2004,99
JPN,2003,97
JPN,2002,96
JPN,2001,95
JPN,2000,85
JPN,1999,80
JPN,1998,75
JPN,1997,70
JPN,1996,99
JPN,1995,74
JPN,1994,80
JPN,1993,85
JPN,1992,87
JPN,1991,92
JPN,1990,90
JPN,1989,87
JPN,1988,86
JPN,1987,85
JPN,1986,84
JPN,1985,83
JPN,1984,82
JPN,1983,80
JPN,1982,81
JPN,1981,75
JPN,1980,60
JOR,2024,96
JOR,2023,96
JOR,2022,92
JOR,2021,85
JOR,2020,77
JOR,2019,89
JOR,2018,96
JOR,2017,99
JOR,2016,98
JOR,2015,99
JOR,2014,98
JOR,2013,98
JOR,2012,98
JOR,2011,98
JOR,2010,98
JOR,2009,98
JOR,2008,97
JOR,2007,98
JOR,2006,98
JOR,2005,95
JOR,2004,95
JOR,2003,97
JOR,2002,95
JOR,2001,99
JOR,2000,91
JOR,1999,85
JOR,1998,99
JOR,1997,99
JOR,1996,96
JOR,1995,95
JOR,1994,94
JOR,1993,91
JOR,1992,92
JOR,1991,92
JOR,1990,92
JOR,1989,94
JOR,1988,93
JOR,1987,90
JOR,1986,88
JOR,1985,85
JOR,1984,81
JOR,1983,76
JOR,1982,75
JOR,1981,81
JOR,1980,30
KAZ,2024,98
KAZ,2023,99
KAZ,2022,99
KAZ,2021,95
KAZ,2020,88
KAZ,2019,97
KAZ,2018,98
KAZ,2017,99
KAZ,2016,83
KAZ,2015,98
KAZ,2014,95
KAZ,2013,98
KAZ,2012,99
KAZ,2011,99
KAZ,2010,99
KAZ,2009,98
KAZ,2008,99
KAZ,2007,93
KAZ,2006,99
KAZ,2005,98
KAZ,2004,82
KAZ,2003,99
KAZ,2002,95
KAZ,2001,95
KAZ,2000,97
KAZ,1999,98
KAZ,1998,99
KAZ,1997,97
KAZ,1996,95
KAZ,1995,93
KAZ,1994,76
KAZ,1993,76
KAZ,1992,81
KEN,2024,91
KEN,2023,93
KEN,2022,94
KEN,2021,95
KEN,2020,93
KEN,2019,93
KEN,2018,91
KEN,2017,81
KEN,2016,88
KEN,2015,89
KEN,2014,92
KEN,2013,87
KEN,2012,94
KEN,2011,96
KEN,2010,90
KEN,2009,88
KEN,2008,88
KEN,2007,81
KEN,2006,80
KEN,2005,76
KEN,2004,73
KEN,2003,73
KEN,2002,84
KEN,2001,80
KEN,2000,82
KEN,1999,82
KEN,1998,81
KEN,1997,79
KEN,1996,87
KEN,1995,94
KEN,1994,92
KEN,1993,89
KEN,1992,87
KEN,1991,86
KEN,1990,84
KEN,1989,83
KEN,1988,82
KEN,1987,77
KEN,1986,72
KEN,1985,70
KEN,1984,58
KIR,2024,94
KIR,2023,90
KIR,2022,91
KIR,2021,90
KIR,2020,92
KIR,2019,97
KIR,2018,95
KIR,2017,90
KIR,2016,81
KIR,2015,78
KIR,2014,75
KIR,2013,95
KIR,2012,94
KIR,2011,99
KIR,2010,91
KIR,2009,86
KIR,2008,82
KIR,2007,94
KIR,2006,86
KIR,2005,79
KIR,2004,62
KIR,2003,70
KIR,2002,77
KIR,2001,85
KIR,2000,90
KIR,1999,78
KIR,1998,88
KIR,1997,91
KIR,1996,79
KIR,1995,60
KIR,1994,71
KIR,1993,99
KIR,1992,86
KIR,1991,70
KIR,1990,97
KIR,1989,79
KIR,1988,63
KIR,1987,36
KIR,1986,37
KIR,1985,37
KIR,1984,18
KIR,1983,40
KIR,1982,53
KIR,1981,29
KIR,1980,43
PRK,2024,99
PRK,2023,99
PRK,2022,99
PRK,2021,99
PRK,2020,97
PRK,2019,97
PRK,2018,97
PRK,2017,97
PRK,2016,96
PRK,2015,96
PRK,2014,93
PRK,2013,93
PRK,2012,96
PRK,2011,94
PRK,2010,93
PRK,2009,93
PRK,2008,92
PRK,2007,92
PRK,2006,89
PRK,2005,79
PRK,2004,72
PRK,2003,68
PRK,2002,64
PRK,2001,62
PRK,2000,56
PRK,1999,50
PRK,1998,43
PRK,1997,37
PRK,1996,50
PRK,1995,64
PRK,1994,77
PRK,1993,90
PRK,1992,90
PRK,1991,97
PRK,1990,98
PRK,1989,97
PRK,1988,87
PRK,1987,86
PRK,1986,61
PRK,1985,55
PRK,1984,67
PRK,1983,52
PRK,1982,51
PRK,1981,52
PRK,1980,50
KOR,2024,97
KOR,2023,98
KOR,2022,98
KOR,2021,98
KOR,2020,98
KOR,2019,98
KOR,2018,98
KOR,2017,97
KOR,2016,98
KOR,2015,98
KOR,2014,99
KOR,2013,99
KOR,2012,99
KOR,2011,99
KOR,2010,94
KOR,2009,94
KOR,2008,94
KOR,2007,91
KOR,2006,98
KOR,2005,96
KOR,2004,88
KOR,2003,97
KOR,2002,97
KOR,2001,97
KOR,2000,97
KOR,1999,86
KOR,1998,74
KOR,1997,80
KOR,1996,90
KOR,1995,99
KOR,1994,93
KOR,1993,88
KOR,1992,84
KOR,1991,79
KOR,1990,74
KOR,1989,89
KOR,1988,58
KOR,1987,57
KOR,1986,76
KOR,1985,76
KOR,1984,76
KOR,1983,69
KOR,1982,61
KOR,1981,61
KWT,2024,99
KWT,2023,99
KWT,2022,96
KWT,2021,94
KWT,2020,93
KWT,2019,92
KWT,2018,91
KWT,2017,99
KWT,2016,99
KWT,2015,99
KWT,2014,95
KWT,2013,99
KWT,2012,98
KWT,2011,99
KWT,2010,98
KWT,2009,99
KWT,2008,99
KWT,2007,99
KWT,2006,99
KWT,2005,99
KWT,2004,98
KWT,2003,99
KWT,2002,99
KWT,2001,99
KWT,2000,98
KWT,1999,94
KWT,1998,95
KWT,1997,96
KWT,1996,99
KWT,1995,99
KWT,1994,99
KWT,1993,97
KWT,1992,88
KWT,1991,80
KWT,1990,71
KWT,1989,94
KWT,1988,94
KWT,1987,92
KWT,1986,91
KWT,1985,90
KWT,1984,89
KWT,1983,89
KWT,1982,83
KWT,1981,79
KWT,1980,67
KGZ,2024,85
KGZ,2023,86
KGZ,2022,90
KGZ,2021,89
KGZ,2020,87
KGZ,2019,95
KGZ,2018,94
KGZ,2017,92
KGZ,2016,96
KGZ,2015,97
KGZ,2014,96
KGZ,2013,97
KGZ,2012,96
KGZ,2011,96
KGZ,2010,96
KGZ,2009,95
KGZ,2008,95
KGZ,2007,94
KGZ,2006,92
KGZ,2005,98
KGZ,2004,99
KGZ,2003,98
KGZ,2002,98
KGZ,2001,99
KGZ,2000,99
KGZ,1999,99
KGZ,1998,97
KGZ,1997,98
KGZ,1996,98
KGZ,1995,93
KGZ,1994,82
KGZ,1993,64
KGZ,1992,84
LAO,2024,67
LAO,2023,74
LAO,2022,70
LAO,2021,65
LAO,2020,61
LAO,2019,66
LAO,2018,75
LAO,2017,78
LAO,2016,82
LAO,2015,82
LAO,2014,83
LAO,2013,83
LAO,2012,77
LAO,2011,76
LAO,2010,74
LAO,2009,67
LAO,2008,61
LAO,2007,50
LAO,2006,57
LAO,2005,49
LAO,2004,45
LAO,2003,49
LAO,2002,53
LAO,2001,52
LAO,2000,51
LAO,1999,55
LAO,1998,54
LAO,1997,60
LAO,1996,58
LAO,1995,54
LAO,1994,48
LAO,1993,25
LAO,1992,23
LAO,1991,22
LAO,1990,18
LAO,1989,21
LAO,1988,17
LAO,1987,10
LAO,1986,5
LAO,1985,4
LAO,1984,5
LAO,1983,7
LAO,1982,7
LAO,1981,7
LVA,2024,97
LVA,2023,98
LVA,2022,95
LVA,2021,94
LVA,2020,99
LVA,2019,99
LVA,2018,96
LVA,2017,98
LVA,2016,98
LVA,2015,94
LVA,2014,92
LVA,2013,94
LVA,2012,91
LVA,2011,92
LVA,2010,92
LVA,2009,94
LVA,2008,94
LVA,2007,94
LVA,2006,96
LVA,2005,99
LVA,2004,99
LVA,2003,98
LVA,2002,97
LVA,2001,97
LVA,2000,96
LVA,1999,95
LVA,1998,94
LVA,1997,92
LVA,1996,93
LVA,1995,98
LVA,1994,97
LVA,1993,80
LVA,1992,87
LBN,2024,49
LBN,2023,53
LBN,2022,67
LBN,2021,67
LBN,2020,71
LBN,2019,83
LBN,2018,83
LBN,2017,83
LBN,2016,83
LBN,2015,83
LBN,2014,83
LBN,2013,83
LBN,2012,83
LBN,2011,82
LBN,2010,82
LBN,2009,81
LBN,2008,81
LBN,2007,80
LBN,2006,78
LBN,2005,77
LBN,2004,75
LBN,2003,74
LBN,2002,77
LBN,2001,80
LBN,2000,83
LBN,1999,86
LBN,1998,89
LBN,1997,92
LBN,1996,93
LBN,1995,93
LBN,1994,92
LBN,1993,91
LBN,1992,90
LBN,1991,86
LBN,1990,82
LBN,1989,79
LBN,1988,63
LBN,1987,46
LBN,1986,30
LBN,1985,17
LBN,1984,4
LBN,1983,4
LBN,1982,4
LBN,1981,2
LSO,2024,86
LSO,2023,90
LSO,2022,92
LSO,2021,95
LSO,2020,93
LSO,2019,92
LSO,2018,90
LSO,2017,89
LSO,2016,87
LSO,2015,83
LSO,2014,88
LSO,2013,93
LSO,2012,95
LSO,2011,96
LSO,2010,93
LSO,2009,91
LSO,2008,88
LSO,2007,88
LSO,2006,89
LSO,2005,89
LSO,2004,90
LSO,2003,90
LSO,2002,85
LSO,2001,79
LSO,2000,84
LSO,1999,88
LSO,1998,88
LSO,1997,87
LSO,1996,87
LSO,1995,88
LSO,1994,87
LSO,1993,86
LSO,1992,85
LSO,1991,84
LSO,1990,82
LSO,1989,81
LSO,1988,80
LSO,1987,79
LSO,1986,81
LSO,1985,82
LSO,1984,74
LSO,1983,66
LSO,1982,61
LSO,1981,56
LSO,1980,56
LBR,2024,83
LBR,2023,83
LBR,2022,79
LBR,2021,67
LBR,2020,66
LBR,2019,71
LBR,2018,81
LBR,2017,80
LBR,2016,73
LBR,2015,65
LBR,2014,63
LBR,2013,80
LBR,2012,80
LBR,2011,77
LBR,2010,70
LBR,2009,81
LBR,2008,75
LBR,2007,65
LBR,2006,60
LBR,2005,60
LBR,2004,31
LBR,2003,35
LBR,2002,39
LBR,2001,44
LBR,2000,48
LBR,1999,52
LBY,2024,86
LBY,2023,73
LBY,2022,73
LBY,2021,73
LBY,2020,73
LBY,2019,73
LBY,2018,73
LBY,2017,97
LBY,2016,97
LBY,2015,97
LBY,2014,94
LBY,2013,96
LBY,2012,98
LBY,2011,98
LBY,2010,98
LBY,2009,98
LBY,2008,98
LBY,2007,98
LBY,2006,98
LBY,2005,98
LBY,2004,97
LBY,2003,95
LBY,2002,93
LBY,2001,94
LBY,2000,94
LBY,1999,94
LBY,1998,95
LBY,1997,96
LBY,1996,96
LBY,1995,95
LBY,1994,95
LBY,1993,96
LBY,1992,90
LBY,1991,87
LBY,1990,84
LBY,1989,87
LBY,1988,84
LBY,1987,82
LBY,1986,82
LBY,1985,81
LBY,1984,81
LBY,1983,79
LBY,1982,72
LBY,1981,67
LBY,1980,60
LTU,2024,89
LTU,2023,90
LTU,2022,90
LTU,2021,90
LTU,2020,91
LTU,2019,92
LTU,2018,92
LTU,2017,94
LTU,2016,94
LTU,2015,93
LTU,2014,93
LTU,2013,93
LTU,2012,93
LTU,2011,92
LTU,2010,95
LTU,2009,98
LTU,2008,96
LTU,2007,95
LTU,2006,94
LTU,2005,94
LTU,2004,94
LTU,2003,94
LTU,2002,95
LTU,2001,95
LTU,2000,94
LTU,1999,93
LTU,1998,93
LTU,1997,90
LTU,1996,91
LTU,1995,90
LTU,1994,83
LTU,1993,83
LTU,1992,78
LUX,2024,99
LUX,2023,99
LUX,2022,99
LUX,2021,99
LUX,2020,99
LUX,2019,99
LUX,2018,99
LUX,2017,99
LUX,2016,99
LUX,2015,99
LUX,2014,99
LUX,2013,99
LUX,2012,99
LUX,2011,99
LUX,2010,99
LUX,2009,99
LUX,2008,99
LUX,2007,99
LUX,2006,99
LUX,2005,99
LUX,2004,99
LUX,2003,98
LUX,2002,99
LUX,2001,99
LUX,2000,99
LUX,1999,98
LUX,1998,98
LUX,1997,98
LUX,1996,98
LUX,1995,97
LUX,1994,95
LUX,1993,94
LUX,1992,93
LUX,1991,91
LUX,1990,90
LUX,1989,90
LUX,1988,90
LUX,1987,95
LUX,1986,86
LUX,1985,77
LUX,1984,68
LUX,1983,75
MDG,2024,60
MDG,2023,65
MDG,2022,57
MDG,2021,55
MDG,2020,67
MDG,2019,69
MDG,2018,74
MDG,2017,65
MDG,2016,68
MDG,2015,62
MDG,2014,68
MDG,2013,70
MDG,2012,68
MDG,2011,73
MDG,2010,70
MDG,2009,77
MDG,2008,77
MDG,2007,84
MDG,2006,85
MDG,2005,85
MDG,2004,78
MDG,2003,66
MDG,2002,62
MDG,2001,60
MDG,2000,57
MDG,1999,55
MDG,1998,52
MDG,1997,49
MDG,1996,49
MDG,1995,57
MDG,1994,66
MDG,1993,66
MDG,1992,65
MDG,1991,53
MDG,1990,46
MDG,1989,45
MDG,1988,42
MDG,1987,35
MDG,1986,30
MDG,1985,23
MDG,1984,19
MDG,1983,23
MDG,1982,15
MWI,2024,91
MWI,2023,91
MWI,2022,86
MWI,2021,93
MWI,2020,94
MWI,2019,95
MWI,2018,92
MWI,2017,88
MWI,2016,84
MWI,2015,88
MWI,2014,91
MWI,2013,89
MWI,2012,96
MWI,2011,97
MWI,2010,93
MWI,2009,93
MWI,2008,91
MWI,2007,87
MWI,2006,99
MWI,2005,93
MWI,2004,89
MWI,2003,84
MWI,2002,64
MWI,2001,90
MWI,2000,75
MWI,1999,85
MWI,1998,96
MWI,1997,95
MWI,1996,90
MWI,1995,89
MWI,1994,82
MWI,1993,91
MWI,1992,87
MWI,1991,87
MWI,1990,87
MWI,1989,87
MWI,1988,82
MWI,1987,78
MWI,1986,57
MWI,1985,55
MWI,1984,58
MWI,1983,63
MWI,1982,64
MWI,1981,66
MWI,1980,58
MYS,2024,93
MYS,2023,95
MYS,2022,97
MYS,2021,95
MYS,2020,98
MYS,2019,98
MYS,2018,99
MYS,2017,99
MYS,2016,98
MYS,2015,99
MYS,2014,97
MYS,2013,97
MYS,2012,97
MYS,2011,96
MYS,2010,96
MYS,2009,97
MYS,2008,97
MYS,2007,97
MYS,2006,95
MYS,2005,96
MYS,2004,95
MYS,2003,96
MYS,2002,94
MYS,2001,96
MYS,2000,98
MYS,1999,97
MYS,1998,97
MYS,1997,98
MYS,1996,97
MYS,1995,98
MYS,1994,95
MYS,1993,91
MYS,1992,94
MYS,1991,92
MYS,1990,90
MYS,1989,84
MYS,1988,68
MYS,1987,69
MYS,1986,62
MYS,1985,57
MYS,1984,54
MYS,1983,58
MYS,1982,73
MYS,1981,66
MYS,1980,67
MDV,2024,99
MDV,2023,98
MDV,2022,98
MDV,2021,95
MDV,2020,98
MDV,2019,98
MDV,2018,98
MDV,2017,98
MDV,2016,98
MDV,2015,99
MDV,2014,99
MDV,2013,99
MDV,2012,99
MDV,2011,96
MDV,2010,96
MDV,2009,98
MDV,2008,98
MDV,2007,98
MDV,2006,98
MDV,2005,98
MDV,2004,96
MDV,2003,98
MDV,2002,98
MDV,2001,98
MDV,2000,98
MDV,1999,97
MDV,1998,97
MDV,1997,97
MDV,1996,97
MDV,1995,94
MDV,1994,96
MDV,1993,90
MDV,1992,98
MDV,1991,98
MDV,1990,94
MDV,1989,91
MDV,1988,86
MDV,1987,42
MDV,1986,42
MDV,1985,28
MDV,1984,24
MDV,1983,13
MDV,1982,1
MDV,1981,1
MDV,1980,4
MLI,2024,82
MLI,2023,75
MLI,2022,75
MLI,2021,77
MLI,2020,70
MLI,2019,77
MLI,2018,76
MLI,2017,77
MLI,2016,76
MLI,2015,70
MLI,2014,66
MLI,2013,64
MLI,2012,65
MLI,2011,66
MLI,2010,73
MLI,2009,73
MLI,2008,74
MLI,2007,74
MLI,2006,78
MLI,2005,77
MLI,2004,69
MLI,2003,63
MLI,2002,61
MLI,2001,49
MLI,2000,43
MLI,1999,40
MLI,1998,52
MLI,1997,52
MLI,1996,53
MLI,1995,49
MLI,1994,39
MLI,1993,46
MLI,1992,38
MLI,1991,34
MLI,1990,42
MLI,1989,26
MLI,1988,18
MLI,1987,8
MLI,1986,8
MLI,1985,8
MLT,2024,97
MLT,2023,98
MLT,2022,98
MLT,2021,99
MLT,2020,98
MLT,2019,98
MLT,2018,97
MLT,2017,98
MLT,2016,97
MLT,2015,97
MLT,2014,99
MLT,2013,99
MLT,2012,99
MLT,2011,96
MLT,2010,76
MLT,2009,73
MLT,2008,72
MLT,2007,74
MLT,2006,85
MLT,2005,92
MLT,2004,89
MLT,2003,94
MLT,2002,95
MLT,2001,95
MLT,2000,94
MLT,1999,93
MLT,1998,92
MLT,1997,92
MLT,1996,92
MLT,1995,92
MLT,1994,88
MLT,1993,83
MLT,1992,82
MLT,1991,86
MLT,1990,63
MLT,1989,47
MLT,1988,87
MLT,1987,87
MLT,1986,86
MLT,1985,37
MLT,1984,50
MHL,2024,85
MHL,2023,85
MHL,2022,86
MHL,2021,86
MHL,2020,82
MHL,2019,79
MHL,2018,81
MHL,2017,80
MHL,2016,71
MHL,2015,85
MHL,2014,78
MHL,2013,79
MHL,2012,80
MHL,2011,87
MHL,2010,94
MHL,2009,96
MHL,2008,95
MHL,2007,93
MHL,2006,74
MHL,2005,77
MHL,2004,64
MHL,2003,68
MHL,2002,80
MHL,2001,48
MHL,2000,39
MHL,1999,66
MHL,1998,86
MHL,1997,78
MHL,1996,78
MHL,1995,70
MHL,1994,67
MHL,1993,56
MHL,1992,82
MHL,1991,71
MHL,1990,92
MHL,1989,92
MHL,1988,92
MRT,2024,86
MRT,2023,90
MRT,2022,85
MRT,2021,77
MRT,2020,81
MRT,2019,80
MRT,2018,77
MRT,2017,76
MRT,2016,74
MRT,2015,73
MRT,2014,81
MRT,2013,80
MRT,2012,80
MRT,2011,75
MRT,2010,64
MRT,2009,64
MRT,2008,74
MRT,2007,75
MRT,2006,68
MRT,2005,71
MRT,2004,70
MRT,2003,76
MRT,2002,89
MRT,2001,75
MRT,2000,51
MRT,1999,53
MRT,1998,16
MRT,1997,28
MRT,1996,50
MRT,1995,55
MRT,1994,50
MRT,1993,44
MRT,1992,39
MRT,1991,29
MRT,1990,33
MRT,1989,28
MRT,1988,28
MRT,1987,30
MRT,1986,32
MRT,1985,27
MRT,1984,21
MRT,1983,20
MRT,1982,20
MRT,1981,18
MUS,2024,93
MUS,2023,96
MUS,2022,95
MUS,2021,95
MUS,2020,95
MUS,2019,96
MUS,2018,97
MUS,2017,94
MUS,2016,96
MUS,2015,97
MUS,2014,97
MUS,2013,98
MUS,2012,98
MUS,2011,98
MUS,2010,99
MUS,2009,99
MUS,2008,99
MUS,2007,97
MUS,2006,97
MUS,2005,97
MUS,2004,98
MUS,2003,99
MUS,2002,88
MUS,2001,92
MUS,2000,88
MUS,1999,85
MUS,1998,89
MUS,1997,90
MUS,1996,89
MUS,1995,93
MUS,1994,89
MUS,1993,88
MUS,1992,88
MUS,1991,91
MUS,1990,85
MUS,1989,85
MUS,1988,86
MUS,1987,84
MUS,1986,86
MUS,1985,88
MUS,1984,85
MUS,1983,89
MUS,1982,94
MUS,1981,82
MUS,1980,89
MEX,2024,78
MEX,2023,85
MEX,2022,83
MEX,2021,78
MEX,2020,72
MEX,2019,82
MEX,2018,88
MEX,2017,85
MEX,2016,93
MEX,2015,87
MEX,2014,87
MEX,2013,83
MEX,2012,99
MEX,2011,97
MEX,2010,95
MEX,2009,95
MEX,2008,96
MEX,2007,98
MEX,2006,98
MEX,2005,98
MEX,2004,98
MEX,2003,98
MEX,2002,97
MEX,2001,97
MEX,2000,97
MEX,1999,96
MEX,1998,96
MEX,1997,95
MEX,1996,95
MEX,1995,91
MEX,1994,91
MEX,1993,82
MEX,1992,90
MEX,1991,88
MEX,1990,53
MEX,1989,65
MEX,1988,60
MEX,1987,62
MEX,1986,51
MEX,1985,40
MEX,1984,52
MEX,1983,41
MEX,1982,40
MEX,1981,43
MEX,1980,44
FSM,2024,76
FSM,2023,79
FSM,2022,69
FSM,2021,72
FSM,2020,83
FSM,2019,78
FSM,2018,75
FSM,2017,73
FSM,2016,69
FSM,2015,72
FSM,2014,77
FSM,2013,81
FSM,2012,81
FSM,2011,84
FSM,2010,85
FSM,2009,91
FSM,2008,85
FSM,2007,79
FSM,2006,67
FSM,2005,94
FSM,2004,78
FSM,2003,92
FSM,2002,84
FSM,2001,75
FSM,2000,85
FSM,1999,76
FSM,1998,80
FSM,1997,75
FSM,1996,79
FSM,1995,83
FSM,1994,81
FSM,1993,78
FSM,1992,91
FSM,1991,79
FSM,1990,85
FSM,1989,95
FSM,1988,85
FSM,1987,57
MDA,2024,86
MDA,2023,87
MDA,2022,88
MDA,2021,87
MDA,2020,86
MDA,2019,91
MDA,2018,93
MDA,2017,88
MDA,2016,89
MDA,2015,87
MDA,2014,90
MDA,2013,90
MDA,2012,92
MDA,2011,93
MDA,2010,90
MDA,2009,85
MDA,2008,90
MDA,2007,92
MDA,2006,97
MDA,2005,98
MDA,2004,98
MDA,2003,98
MDA,2002,97
MDA,2001,97
MDA,2000,95
MDA,1999,97
MDA,1998,97
MDA,1997,97
MDA,1996,97
MDA,1995,96
MDA,1994,86
MDA,1993,70
MDA,1992,84
MCO,2024,99
MCO,2023,99
MCO,2022,99
MCO,2021,99
MCO,2020,99
MCO,2019,99
MCO,2018,99
MCO,2017,99
MCO,2016,99
MCO,2015,99
MCO,2014,99
MCO,2013,99
MCO,2012,99
MCO,2011,99
MCO,2010,99
MCO,2009,99
MCO,2008,99
MCO,2007,99
MCO,2006,99
MCO,2005,99
MCO,2004,99
MCO,2003,99
MCO,2002,99
MCO,2001,99
MCO,2000,99
MCO,1999,99
MCO,1998,99
MCO,1997,99
MCO,1996,99
MCO,1995,99
MCO,1994,99
MCO,1993,99
MCO,1992,98
MCO,1991,98
MCO,1990,99
MCO,1989,99
MCO,1988,99
MNG,2024,96
MNG,2023,96
MNG,2022,95
MNG,2021,95
MNG,2020,96
MNG,2019,98
MNG,2018,99
MNG,2017,99
MNG,2016,99
MNG,2015,99
MNG,2014,99
MNG,2013,98
MNG,2012,99
MNG,2011,99
MNG,2010,96
MNG,2009,95
MNG,2008,96
MNG,2007,95
MNG,2006,99
MNG,2005,99
MNG,2004,99
MNG,2003,98
MNG,2002,98
MNG,2001,95
MNG,2000,94
MNG,1999,94
MNG,1998,94
MNG,1997,92
MNG,1996,90
MNG,1995,88
MNG,1994,78
MNG,1993,79
MNG,1992,64
MNG,1991,81
MNG,1990,84
MNG,1989,84
MNG,1988,82
MNG,1987,80
MNG,1986,81
MNG,1985,80
MNG,1984,77
MNG,1983,79
MNG,1982,79
MNG,1981,78
MNG,1980,76
MNE,2024,81
MNE,2023,81
MNE,2022,80
MNE,2021,83
MNE,2020,84
MNE,2019,87
MNE,2018,86
MNE,2017,87
MNE,2016,89
MNE,2015,89
MNE,2014,91
MNE,2013,94
MNE,2012,94
MNE,2011,95
MNE,2010,94
MNE,2009,92
MNE,2008,95
MNE,2007,92
MNE,2006,90
MAR,2024,96
MAR,2023,97
MAR,2022,98
MAR,2021,98
MAR,2020,99
MAR,2019,99
MAR,2018,99
MAR,2017,99
MAR,2016,99
MAR,2015,99
MAR,2014,99
MAR,2013,99
MAR,2012,99
MAR,2011,99
MAR,2010,99
MAR,2009,99
MAR,2008,99
MAR,2007,95
MAR,2006,97
MAR,2005,98
MAR,2004,97
MAR,2003,91
MAR,2002,94
MAR,2001,96
MAR,2000,95
MAR,1999,91
MAR,1998,93
MAR,1997,94
MAR,1996,95
MAR,1995,90
MAR,1994,87
MAR,1993,86
MAR,1992,87
MAR,1991,81
MAR,1990,81
MAR,1989,80
MAR,1988,82
MAR,1987,85
MAR,1986,63
MAR,1985,51
MAR,1984,45
MAR,1983,41
MAR,1982,32
MOZ,2024,70
MOZ,2023,70
MOZ,2022,55
MOZ,2021,56
MOZ,2020,71
MOZ,2019,85
MOZ,2018,85
MOZ,2017,85
MOZ,2016,85
MOZ,2015,85
MOZ,2014,85
MOZ,2013,82
MOZ,2012,80
MOZ,2011,77
MOZ,2010,74
MOZ,2009,74
MOZ,2008,75
MOZ,2007,75
MOZ,2006,78
MOZ,2005,80
MOZ,2004,83
MOZ,2003,85
MOZ,2002,76
MOZ,2001,73
MOZ,2000,70
MOZ,1999,68
MOZ,1998,65
MOZ,1997,62
MOZ,1996,60
MOZ,1995,57
MOZ,1994,55
MOZ,1993,49
MOZ,1992,50
MOZ,1991,46
MOZ,1990,46
MOZ,1989,47
MOZ,1988,38
MOZ,1987,39
MOZ,1986,32
MOZ,1985,29
MOZ,1984,32
MOZ,1983,38
MOZ,1982,43
MOZ,1981,56
MMR,2024,71
MMR,2023,71
MMR,2022,71
MMR,2021,37
MMR,2020,84
MMR,2019,90
MMR,2018,91
MMR,2017,89
MMR,2016,90
MMR,2015,89
MMR,2014,88
MMR,2013,75
MMR,2012,84
MMR,2011,84
MMR,2010,90
MMR,2009,90
MMR,2008,85
MMR,2007,86
MMR,2006,82
MMR,2005,73
MMR,2004,82
MMR,2003,78
MMR,2002,79
MMR,2001,73
MMR,2000,82
MMR,1999,75
MMR,1998,90
MMR,1997,90
MMR,1996,88
MMR,1995,84
MMR,1994,77
MMR,1993,73
MMR,1992,71
MMR,1991,66
MMR,1990,88
MMR,1989,50
MMR,1988,28
MMR,1987,23
MMR,1986,20
MMR,1985,16
MMR,1984,12
MMR,1983,11
MMR,1982,9
MMR,1981,5
MMR,1980,4
NAM,2024,74
NAM,2023,83
NAM,2022,84
NAM,2021,94
NAM,2020,93
NAM,2019,87
NAM,2018,89
NAM,2017,88
NAM,2016,85
NAM,2015,92
NAM,2014,88
NAM,2013,89
NAM,2012,84
NAM,2011,82
NAM,2010,83
NAM,2009,83
NAM,2008,83
NAM,2007,86
NAM,2006,86
NAM,2005,86
NAM,2004,81
NAM,2003,79
NAM,2002,77
NAM,2001,78
NAM,2000,79
NAM,1999,72
NAM,1998,74
NAM,1997,66
NAM,1996,70
NAM,1995,74
NAM,1994,79
NAM,1993,73
NAM,1992,70
NAM,1991,69
NRU,2024,99
NRU,2023,99
NRU,2022,99
NRU,2021,98
NRU,2020,95
NRU,2019,96
NRU,2018,90
NRU,2017,87
NRU,2016,97
NRU,2015,91
NRU,2014,95
NRU,2013,87
NRU,2012,79
NRU,2011,99
NRU,2010,99
NRU,2009,99
NRU,2008,99
NRU,2007,99
NRU,2006,72
NRU,2005,80
NRU,2004,80
NRU,2003,80
NRU,2002,80
NRU,2001,95
NRU,2000,44
NRU,1999,64
NRU,1998,72
NRU,1997,50
NRU,1996,53
NRU,1995,56
NRU,1994,60
NRU,1993,63
NRU,1992,67
NRU,1991,70
NRU,1990,74
NRU,1989,75
NRU,1988,67
NRU,1987,55
NRU,1986,61
NRU,1985,67
NRU,1984,67
NPL,2024,97
NPL,2023,94
NPL,2022,90
NPL,2021,91
NPL,2020,84
NPL,2019,93
NPL,2018,91
NPL,2017,90
NPL,2016,87
NPL,2015,91
NPL,2014,92
NPL,2013,92
NPL,2012,90
NPL,2011,92
NPL,2010,93
NPL,2009,95
NPL,2008,82
NPL,2007,82
NPL,2006,89
NPL,2005,75
NPL,2004,80
NPL,2003,78
NPL,2002,72
NPL,2001,72
NPL,2000,74
NPL,1999,65
NPL,1998,71
NPL,1997,78
NPL,1996,65
NPL,1995,54
NPL,1994,54
NPL,1993,51
NPL,1992,49
NPL,1991,46
NPL,1990,43
NPL,1989,44
NPL,1988,45
NPL,1987,46
NPL,1986,38
NPL,1985,32
NPL,1984,27
NPL,1983,23
NPL,1982,18
NPL,1981,16
NPL,1980,8
NLD,2024,91
NLD,2023,92
NLD,2022,93
NLD,2021,95
NLD,2020,94
NLD,2019,94
NLD,2018,93
NLD,2017,94
NLD,2016,95
NLD,2015,95
NLD,2014,96
NLD,2013,97
NLD,2012,97
NLD,2011,97
NLD,2010,97
NLD,2009,97
NLD,2008,97
NLD,2007,97
NLD,2006,96
NLD,2005,96
NLD,2004,98
NLD,2003,98
NLD,2002,97
NLD,2001,97
NLD,2000,97
NLD,1999,97
NLD,1998,97
NLD,1997,97
NLD,1996,97
NLD,1995,97
NLD,1994,97
NLD,1993,97
NLD,1992,98
NLD,1991,97
NLD,1990,97
NLD,1989,97
NLD,1988,97
NLD,1987,97
NLD,1986,97
NLD,1985,97
NLD,1984,97
NLD,1983,97
NLD,1982,97
NLD,1981,96
NLD,1980,96
NZL,2024,89
NZL,2023,88
NZL,2022,89
NZL,2021,90
NZL,2020,92
NZL,2019,92
NZL,2018,93
NZL,2017,94
NZL,2016,92
NZL,2015,92
NZL,2014,93
NZL,2013,92
NZL,2012,93
NZL,2011,95
NZL,2010,93
NZL,2009,92
NZL,2008,89
NZL,2007,88
NZL,2006,89
NZL,2005,89
NZL,2004,89
NZL,2003,90
NZL,2002,90
NZL,2001,90
NZL,2000,90
NZL,1999,88
NZL,1998,81
NZL,1997,86
NZL,1996,88
NZL,1995,89
NZL,1994,84
NZL,1993,83
NZL,1992,81
NZL,1991,81
NZL,1990,90
NZL,1989,80
NZL,1988,69
NZL,1987,67
NZL,1986,70
NZL,1985,72
NZL,1984,83
NZL,1983,73
NZL,1982,73
NZL,1981,72
NZL,1980,76
NIC,2023,89
NIC,2022,92
NIC,2021,87
NIC,2020,92
NIC,2019,98
NIC,2018,98
NIC,2017,98
NIC,2016,98
NIC,2015,98
NIC,2014,98
NIC,2013,98
NIC,2012,98
NIC,2011,98
NIC,2010,98
NIC,2009,98
NIC,2008,97
NIC,2007,93
NIC,2006,88
NIC,2005,86
NIC,2004,79
NIC,2003,86
NIC,2002,85
NIC,2001,87
NIC,2000,83
NIC,1999,79
NIC,1998,73
NIC,1997,80
NIC,1996,80
NIC,1995,80
NIC,1994,81
NIC,1993,81
NIC,1992,81
NIC,1991,75
NIC,1990,70
NIC,1989,68
NIC,1988,47
NIC,1987,51
NIC,1986,45
NIC,1985,39
NIC,1984,33
NIC,1983,24
NIC,1982,27
NIC,1981,23
NIC,1980,16
NER,2024,86
NER,2023,85
NER,2022,84
NER,2021,82
NER,2020,81
NER,2019,81
NER,2018,79
NER,2017,85
NER,2016,80
NER,2015,84
NER,2014,82
NER,2013,75
NER,2012,73
NER,2011,75
NER,2010,70
NER,2009,71
NER,2008,67
NER,2007,58
NER,2006,52
NER,2005,45
NER,2004,43
NER,2003,41
NER,2002,39
NER,2001,36
NER,2000,34
NER,1999,32
NER,1998,29
NER,1997,25
NER,1996,23
NER,1995,23
NER,1994,20
NER,1993,20
NER,1992,20
NER,1991,19
NER,1990,22
NER,1989,13
NER,1988,9
NER,1987,7
NER,1986,5
NER,1985,4
NER,1984,5
NER,1983,5
NER,1982,6
NER,1981,6
NGA,2024,67
NGA,2023,67
NGA,2022,59
NGA,2021,61
NGA,2020,62
NGA,2019,66
NGA,2018,61
NGA,2017,55
NGA,2016,53
NGA,2015,42
NGA,2014,43
NGA,2013,39
NGA,2012,36
NGA,2011,53
NGA,2010,56
NGA,2009,63
NGA,2008,53
NGA,2007,42
NGA,2006,40
NGA,2005,36
NGA,2004,33
NGA,2003,29
NGA,2002,25
NGA,2001,27
NGA,2000,29
NGA,1999,31
NGA,1998,21
NGA,1997,21
NGA,1996,26
NGA,1995,34
NGA,1994,44
NGA,1993,29
NGA,1992,43
NGA,1991,39
NGA,1990,56
NGA,1989,47
NGA,1988,36
NGA,1987,29
NGA,1986,22
NGA,1985,16
NGA,1984,9
MKD,2024,89
MKD,2023,86
MKD,2022,84
MKD,2021,81
MKD,2020,84
MKD,2019,92
MKD,2018,93
MKD,2017,91
MKD,2016,95
MKD,2015,91
MKD,2014,95
MKD,2013,98
MKD,2012,95
MKD,2011,96
MKD,2010,95
MKD,2009,96
MKD,2008,95
MKD,2007,95
MKD,2006,93
MKD,2005,97
MKD,2004,94
MKD,2003,96
MKD,2002,96
MKD,2001,91
MKD,2000,95
MKD,1999,95
MKD,1998,94
MKD,1997,97
MKD,1996,93
MKD,1995,95
MKD,1994,88
MKD,1993,90
NOR,2024,97
NOR,2023,96
NOR,2022,97
NOR,2021,97
NOR,2020,97
NOR,2019,97
NOR,2018,96
NOR,2017,96
NOR,2016,96
NOR,2015,95
NOR,2014,93
NOR,2013,94
NOR,2012,95
NOR,2011,94
NOR,2010,93
NOR,2009,94
NOR,2008,94
NOR,2007,93
NOR,2006,94
NOR,2005,91
NOR,2004,92
NOR,2003,92
NOR,2002,93
NOR,2001,91
NOR,2000,90
NOR,1999,92
NOR,1998,93
NOR,1997,95
NOR,1996,97
NOR,1995,97
NOR,1994,93
NOR,1993,94
NOR,1992,98
NOR,1991,96
NOR,1990,86
NOR,1989,83
NOR,1988,83
NOR,1987,80
NOR,1986,83
NOR,1985,85
NOR,1984,90
NOR,1983,90
OMN,2024,99
OMN,2023,99
OMN,2022,99
OMN,2021,99
OMN,2020,99
OMN,2019,99
OMN,2018,99
OMN,2017,99
OMN,2016,99
OMN,2015,99
OMN,2014,99
OMN,2013,98
OMN,2012,98
OMN,2011,99
OMN,2010,99
OMN,2009,98
OMN,2008,99
OMN,2007,99
OMN,2006,98
OMN,2005,99
OMN,2004,99
OMN,2003,99
OMN,2002,99
OMN,2001,99
OMN,2000,99
OMN,1999,99
OMN,1998,99
OMN,1997,99
OMN,1996,99
OMN,1995,99
OMN,1994,97
OMN,1993,97
OMN,1992,99
OMN,1991,95
OMN,1990,98
OMN,1989,98
OMN,1988,90
OMN,1987,89
OMN,1986,82
OMN,1985,60
OMN,1984,45
OMN,1983,31
OMN,1982,24
OMN,1981,19
OMN,1980,18
PAK,2024,87
PAK,2023,86
PAK,2022,85
PAK,2021,83
PAK,2020,80
PAK,2019,84
PAK,2018,80
PAK,2017,75
PAK,2016,75
PAK,2015,72
PAK,2014,69
PAK,2013,65
PAK,2012,64
PAK,2011,63
PAK,2010,52
PAK,2009,52
PAK,2008,53
PAK,2007,54
PAK,2006,59
PAK,2005,63
PAK,2004,68
PAK,2003,66
PAK,2002,63
PAK,2001,61
PAK,2000,59
PAK,1999,57
PAK,1998,54
PAK,1997,52
PAK,1996,46
PAK,1995,58
PAK,1994,39
PAK,1993,37
PAK,1992,42
PAK,1991,50
PAK,1990,54
PAK,1989,40
PAK,1988,38
PAK,1987,36
PAK,1986,34
PAK,1985,30
PAK,1984,23
PAK,1983,15
PAK,1982,5
PAK,1981,3
PAK,1980,2
PLW,2024,97
PLW,2023,97
PLW,2022,94
PLW,2021,95
PLW,2020,96
PLW,2019,97
PLW,2018,95
PLW,2017,97
PLW,2016,98
PLW,2015,90
PLW,2014,95
PLW,2013,99
PLW,2012,89
PLW,2011,84
PLW,2010,69
PLW,2009,49
PLW,2008,92
PLW,2007,94
PLW,2006,98
PLW,2005,98
PLW,2004,98
PLW,2003,99
PLW,2002,99
PLW,2001,98
PLW,2000,96
PLW,1999,96
PLW,1998,96
PLW,1997,91
PLW,1996,98
PLW,1995,99
PLW,1994,67
PLW,1993,89
PLW,1992,93
PLW,1991,98
PLW,1990,99
PLW,1989,78
PLW,1988,99
PLW,1987,81
PLW,1986,98
PAN,2024,72
PAN,2023,71
PAN,2022,82
PAN,2021,87
PAN,2020,74
PAN,2019,88
PAN,2018,88
PAN,2017,81
PAN,2016,86
PAN,2015,73
PAN,2014,80
PAN,2013,80
PAN,2012,85
PAN,2011,87
PAN,2010,94
PAN,2009,85
PAN,2008,86
PAN,2007,85
PAN,2006,88
PAN,2005,92
PAN,2004,95
PAN,2003,98
PAN,2002,99
PAN,2001,99
PAN,2000,98
PAN,1999,92
PAN,1998,98
PAN,1997,95
PAN,1996,91
PAN,1995,86
PAN,1994,83
PAN,1993,83
PAN,1992,77
PAN,1991,82
PAN,1990,86
PAN,1989,70
PAN,1988,75
PAN,1987,72
PAN,1986,70
PAN,1985,73
PAN,1984,59
PAN,1983,60
PAN,1982,60
PAN,1981,78
PAN,1980,47
PNG,2024,42
PNG,2023,35
PNG,2022,37
PNG,2021,32
PNG,2020,40
PNG,2019,35
PNG,2018,35
PNG,2017,36
PNG,2016,46
PNG,2015,49
PNG,2014,52
PNG,2013,60
PNG,2012,57
PNG,2011,58
PNG,2010,55
PNG,2009,64
PNG,2008,56
PNG,2007,66
PNG,2006,70
PNG,2005,72
PNG,2004,62
PNG,2003,68
PNG,2002,61
PNG,2001,55
PNG,2000,59
PNG,1999,60
PNG,1998,60
PNG,1997,45
PNG,1996,56
PNG,1995,62
PNG,1994,61
PNG,1993,58
PNG,1992,58
PNG,1991,68
PNG,1990,68
PNG,1989,53
PNG,1988,48
PNG,1987,44
PNG,1986,44
PNG,1985,40
PNG,1984,34
PNG,1983,27
PNG,1982,29
PNG,1981,32
PNG,1980,32
PRY,2024,80
PRY,2023,71
PRY,2022,69
PRY,2021,70
PRY,2020,79
PRY,2019,86
PRY,2018,88
PRY,2017,91
PRY,2016,92
PRY,2015,92
PRY,2014,93
PRY,2013,91
PRY,2012,91
PRY,2011,92
PRY,2010,91
PRY,2009,86
PRY,2008,89
PRY,2007,95
PRY,2006,98
PRY,2005,96
PRY,2004,92
PRY,2003,86
PRY,2002,87
PRY,2001,89
PRY,2000,86
PRY,1999,82
PRY,1998,79
PRY,1997,75
PRY,1996,72
PRY,1995,68
PRY,1994,71
PRY,1993,66
PRY,1992,73
PRY,1991,66
PRY,1990,67
PRY,1989,61
PRY,1988,56
PRY,1987,58
PRY,1986,53
PRY,1985,57
PRY,1984,67
PRY,1983,45
PRY,1982,34
PRY,1981,28
PRY,1980,17
PER,2024,80
PER,2023,84
PER,2022,82
PER,2021,82
PER,2020,72
PER,2019,88
PER,2018,89
PER,2017,89
PER,2016,90
PER,2015,90
PER,2014,88
PER,2013,88
PER,2012,95
PER,2011,91
PER,2010,93
PER,2009,93
PER,2008,93
PER,2007,93
PER,2006,94
PER,2005,77
PER,2004,86
PER,2003,94
PER,2002,95
PER,2001,90
PER,2000,98
PER,1999,99
PER,1998,94
PER,1997,90
PER,1996,94
PER,1995,90
PER,1994,87
PER,1993,87
PER,1992,83
PER,1991,71
PER,1990,72
PER,1989,58
PER,1988,60
PER,1987,43
PER,1986,50
PER,1985,48
PER,1984,28
PER,1983,23
PER,1982,23
PER,1981,20
PER,1980,16
PHL,2024,71
PHL,2023,89
PHL,2022,84
PHL,2021,69
PHL,2020,83
PHL,2019,84
PHL,2018,84
PHL,2017,84
PHL,2016,84
PHL,2015,76
PHL,2014,80
PHL,2013,85
PHL,2012,89
PHL,2011,89
PHL,2010,88
PHL,2009,88
PHL,2008,87
PHL,2007,87
PHL,2006,88
PHL,2005,89
PHL,2004,88
PHL,2003,84
PHL,2002,79
PHL,2001,79
PHL,2000,78
PHL,1999,80
PHL,1998,81
PHL,1997,81
PHL,1996,75
PHL,1995,70
PHL,1994,73
PHL,1993,76
PHL,1992,80
PHL,1991,90
PHL,1990,88
PHL,1989,86
PHL,1988,79
PHL,1987,72
PHL,1986,66
PHL,1985,59
PHL,1984,57
PHL,1983,55
PHL,1982,54
PHL,1981,54
PHL,1980,47
POL,2024,94
POL,2023,95
POL,2022,94
POL,2021,94
POL,2020,94
POL,2019,95
POL,2018,95
POL,2017,96
POL,2016,98
POL,2015,98
POL,2014,98
POL,2013,99
POL,2012,99
POL,2011,99
POL,2010,99
POL,2009,99
POL,2008,99
POL,2007,99
POL,2006,99
POL,2005,99
POL,2004,99
POL,2003,99
POL,2002,99
POL,2001,98
POL,2000,98
POL,1999,98
POL,1998,98
POL,1997,98
POL,1996,97
POL,1995,96
POL,1994,96
POL,1993,95
POL,1992,95
POL,1991,95
POL,1990,96
POL,1989,96
POL,1988,96
POL,1987,96
POL,1986,95
POL,1985,94
POL,1984,95
POL,1983,95
POL,1982,95
POL,1981,96
POL,1980,96
PRT,2024,99
PRT,2023,99
PRT,2022,99
PRT,2021,99
PRT,2020,99
PRT,2019,99
PRT,2018,99
PRT,2017,98
PRT,2016,98
PRT,2015,98
PRT,2014,98
PRT,2013,98
PRT,2012,98
PRT,2011,97
PRT,2010,98
PRT,2009,96
PRT,2008,97
PRT,2007,97
PRT,2006,97
PRT,2005,93
PRT,2004,95
PRT,2003,99
PRT,2002,98
PRT,2001,97
PRT,2000,96
PRT,1999,97
PRT,1998,97
PRT,1997,94
PRT,1996,95
PRT,1995,93
PRT,1994,97
PRT,1993,93
PRT,1992,94
PRT,1991,96
PRT,1990,89
PRT,1989,88
PRT,1988,81
PRT,1987,83
PRT,1986,81
PRT,1985,72
PRT,1984,78
PRT,1983,79
PRT,1982,78
PRT,1981,75
PRT,1980,73
QAT,2024,96
QAT,2023,95
QAT,2022,98
QAT,2021,98
QAT,2020,89
QAT,2019,98
QAT,2018,98
QAT,2017,97
QAT,2016,98
QAT,2015,99
QAT,2014,89
QAT,2013,97
QAT,2012,92
QAT,2011,93
QAT,2010,97
QAT,2009,99
QAT,2008,97
QAT,2007,94
QAT,2006,96
QAT,2005,97
QAT,2004,96
QAT,2003,92
QAT,2002,96
QAT,2001,93
QAT,2000,80
QAT,1999,92
QAT,1998,94
QAT,1997,92
QAT,1996,92
QAT,1995,92
QAT,1994,91
QAT,1993,90
QAT,1992,88
QAT,1991,86
QAT,1990,82
QAT,1989,81
QAT,1988,69
QAT,1987,72
QAT,1986,72
QAT,1985,71
QAT,1984,60
QAT,1983,49
QAT,1982,37
QAT,1981,43
QAT,1980,61
ROU,2024,79
ROU,2023,79
ROU,2022,85
ROU,2021,86
ROU,2020,87
ROU,2019,88
ROU,2018,86
ROU,2017,82
ROU,2016,89
ROU,2015,89
ROU,2014,94
ROU,2013,92
ROU,2012,91
ROU,2011,89
ROU,2010,94
ROU,2009,95
ROU,2008,96
ROU,2007,96
ROU,2006,97
ROU,2005,97
ROU,2004,97
ROU,2003,97
ROU,2002,98
ROU,2001,99
ROU,2000,99
ROU,1999,97
ROU,1998,97
ROU,1997,97
ROU,1996,98
ROU,1995,98
ROU,1994,98
ROU,1993,91
ROU,1992,98
ROU,1991,98
ROU,1990,96
ROU,1989,96
ROU,1988,96
ROU,1987,92
ROU,1986,89
ROU,1985,95
RUS,2024,97
RUS,2023,97
RUS,2022,97
RUS,2021,97
RUS,2020,97
RUS,2019,97
RUS,2018,97
RUS,2017,97
RUS,2016,97
RUS,2015,97
RUS,2014,97
RUS,2013,97
RUS,2012,97
RUS,2011,97
RUS,2010,97
RUS,2009,98
RUS,2008,98
RUS,2007,98
RUS,2006,98
RUS,2005,98
RUS,2004,97
RUS,2003,96
RUS,2002,97
RUS,2001,96
RUS,2000,96
RUS,1999,95
RUS,1998,91
RUS,1997,88
RUS,1996,84
RUS,1995,78
RUS,1994,88
RUS,1993,79
RUS,1992,73
RWA,2024,98
RWA,2023,94
RWA,2022,98
RWA,2021,88
RWA,2020,91
RWA,2019,98
RWA,2018,97
RWA,2017,98
RWA,2016,98
RWA,2015,98
RWA,2014,98
RWA,2013,98
RWA,2012,98
RWA,2011,97
RWA,2010,97
RWA,2009,97
RWA,2008,97
RWA,2007,97
RWA,2006,99
RWA,2005,95
RWA,2004,89
RWA,2003,96
RWA,2002,88
RWA,2001,77
RWA,2000,90
RWA,1999,85
RWA,1998,79
RWA,1997,73
RWA,1996,89
RWA,1995,83
RWA,1994,23
RWA,1993,83
RWA,1992,85
RWA,1991,91
RWA,1990,84
RWA,1989,82
RWA,1988,80
RWA,1987,88
RWA,1986,87
RWA,1985,50
RWA,1984,55
RWA,1983,59
RWA,1982,38
RWA,1981,17
WSM,2024,85
WSM,2023,83
WSM,2022,76
WSM,2021,85
WSM,2020,89
WSM,2019,68
WSM,2018,44
WSM,2017,67
WSM,2016,74
WSM,2015,80
WSM,2014,78
WSM,2013,84
WSM,2012,82
WSM,2011,82
WSM,2010,78
WSM,2009,64
WSM,2008,39
WSM,2007,65
WSM,2006,50
WSM,2005,59
WSM,2004,63
WSM,2003,90
WSM,2002,92
WSM,2001,90
WSM,2000,98
WSM,1999,97
WSM,1998,99
WSM,1997,96
WSM,1996,95
WSM,1995,94
WSM,1994,93
WSM,1993,92
WSM,1992,91
WSM,1991,79
WSM,1990,90
WSM,1989,66
WSM,1988,90
WSM,1987,93
WSM,1986,94
WSM,1985,89
WSM,1984,96
WSM,1983,89
WSM,1982,87
WSM,1981,66
WSM,1980,29
SMR,2024,88
SMR,2023,91
SMR,2022,92
SMR,2021,90
SMR,2020,89
SMR,2019,88
SMR,2018,90
SMR,2017,88
SMR,2016,86
SMR,2015,85
SMR,2014,84
SMR,2013,86
SMR,2012,89
SMR,2011,92
SMR,2010,90
SMR,2009,90
SMR,2008,91
SMR,2007,91
SMR,2006,92
SMR,2005,96
SMR,2004,95
SMR,2003,96
SMR,2002,96
SMR,2001,97
SMR,2000,98
SMR,1999,99
SMR,1998,99
SMR,1997,99
SMR,1996,99
SMR,1995,99
SMR,1994,88
SMR,1993,99
SMR,1992,99
SMR,1991,99
SMR,1990,99
SMR,1989,99
SMR,1988,99
SMR,1987,99
SMR,1986,99
SMR,1985,99
SMR,1984,99
SMR,1983,99
STP,2024,87
STP,2023,87
STP,2022,92
STP,2021,97
STP,2020,96
STP,2019,95
STP,2018,95
STP,2017,95
STP,2016,96
STP,2015,96
STP,2014,95
STP,2013,97
STP,2012,96
STP,2011,96
STP,2010,98
STP,2009,98
STP,2008,99
STP,2007,97
STP,2006,97
STP,2005,97
STP,2004,96
STP,2003,94
STP,2002,92
STP,2001,92
STP,2000,82
STP,1999,78
STP,1998,73
STP,1997,73
STP,1996,68
STP,1995,79
STP,1994,83
STP,1993,60
STP,1992,68
STP,1991,87
STP,1990,92
STP,1989,63
STP,1988,77
STP,1987,72
STP,1986,65
STP,1985,48
STP,1984,49
STP,1983,26
STP,1982,34
STP,1981,42
SAU,2024,97
SAU,2023,97
SAU,2022,98
SAU,2021,97
SAU,2020,95
SAU,2019,96
SAU,2018,96
SAU,2017,98
SAU,2016,98
SAU,2015,98
SAU,2014,98
SAU,2013,98
SAU,2012,98
SAU,2011,98
SAU,2010,98
SAU,2009,98
SAU,2008,98
SAU,2007,96
SAU,2006,96
SAU,2005,96
SAU,2004,96
SAU,2003,95
SAU,2002,95
SAU,2001,97
SAU,2000,95
SAU,1999,93
SAU,1998,94
SAU,1997,92
SAU,1996,93
SAU,1995,96
SAU,1994,95
SAU,1993,94
SAU,1992,91
SAU,1991,91
SAU,1990,92
SAU,1989,96
SAU,1988,89
SAU,1987,89
SAU,1986,86
SAU,1985,81
SAU,1984,76
SAU,1983,67
SAU,1982,62
SAU,1981,53
SAU,1980,41
SEN,2024,91
SEN,2023,92
SEN,2022,93
SEN,2021,85
SEN,2020,83
SEN,2019,91
SEN,2018,92
SEN,2017,93
SEN,2016,93
SEN,2015,89
SEN,2014,89
SEN,2013,92
SEN,2012,91
SEN,2011,92
SEN,2010,89
SEN,2009,86
SEN,2008,88
SEN,2007,94
SEN,2006,89
SEN,2005,84
SEN,2004,87
SEN,2003,73
SEN,2002,60
SEN,2001,52
SEN,2000,52
SEN,1999,60
SEN,1998,59
SEN,1997,59
SEN,1996,70
SEN,1995,80
SEN,1994,57
SEN,1993,58
SEN,1992,59
SEN,1991,51
SEN,1990,51
SEN,1989,47
SEN,1988,59
SEN,1987,57
SEN,1986,54
SRB,2024,95
SRB,2023,93
SRB,2022,92
SRB,2021,91
SRB,2020,92
SRB,2019,97
SRB,2018,97
SRB,2017,95
SRB,2016,93
SRB,2015,95
SRB,2014,93
SRB,2013,95
SRB,2012,91
SRB,2011,94
SRB,2010,91
SRB,2009,95
SRB,2008,95
SRB,2007,94
SRB,2006,92
SRB,2005,98
SRB,2004,88
SRB,2003,89
SRB,2002,95
SRB,2001,93
SRB,2000,95
SRB,1999,92
SRB,1998,93
SRB,1997,94
SRB,1996,91
SRB,1995,89
SRB,1994,85
SRB,1993,85
SRB,1992,84
SYC,2024,94
SYC,2023,97
SYC,2022,97
SYC,2021,94
SYC,2020,97
SYC,2019,99
SYC,2018,99
SYC,2017,97
SYC,2016,96
SYC,2015,97
SYC,2014,99
SYC,2013,98
SYC,2012,98
SYC,2011,99
SYC,2010,99
SYC,2009,99
SYC,2008,99
SYC,2007,99
SYC,2006,99
SYC,2005,99
SYC,2004,99
SYC,2003,99
SYC,2002,99
SYC,2001,96
SYC,2000,98
SYC,1999,99
SYC,1998,99
SYC,1997,98
SYC,1996,99
SYC,1995,97
SYC,1994,96
SYC,1993,96
SYC,1992,96
SYC,1991,98
SYC,1990,99
SYC,1989,97
SYC,1988,94
SYC,1987,89
SYC,1986,94
SYC,1985,86
SYC,1984,95
SYC,1983,97
SYC,1982,55
SYC,1981,13
SLE,2024,91
SLE,2023,91
SLE,2022,91
SLE,2021,92
SLE,2020,91
SLE,2019,95
SLE,2018,93
SLE,2017,90
SLE,2016,84
SLE,2015,86
SLE,2014,83
SLE,2013,92
SLE,2012,91
SLE,2011,89
SLE,2010,86
SLE,2009,84
SLE,2008,77
SLE,2007,64
SLE,2006,64
SLE,2005,65
SLE,2004,65
SLE,2003,73
SLE,2002,53
SLE,2001,38
SLE,2000,44
SLE,1999,43
SGP,2024,97
SGP,2023,98
SGP,2022,97
SGP,2021,98
SGP,2020,98
SGP,2019,97
SGP,2018,97
SGP,2017,96
SGP,2016,97
SGP,2015,96
SGP,2014,96
SGP,2013,97
SGP,2012,97
SGP,2011,96
SGP,2010,96
SGP,2009,97
SGP,2008,97
SGP,2007,97
SGP,2006,95
SGP,2005,96
SGP,2004,95
SGP,2003,96
SGP,2002,94
SGP,2001,96
SGP,2000,98
SGP,1999,97
SGP,1998,97
SGP,1997,98
SGP,1996,97
SGP,1995,98
SGP,1994,95
SGP,1993,92
SGP,1992,89
SGP,1991,91
SGP,1990,85
SGP,1989,90
SGP,1988,90
SGP,1987,96
SGP,1986,91
SGP,1985,78
SGP,1984,77
SGP,1983,84
SGP,1982,83
SGP,1981,87
SGP,1980,84
SVK,2024,96
SVK,2023,96
SVK,2022,97
SVK,2021,97
SVK,2020,97
SVK,2019,97
SVK,2018,97
SVK,2017,96
SVK,2016,96
SVK,2015,96
SVK,2014,97
SVK,2013,98
SVK,2012,99
SVK,2011,99
SVK,2010,99
SVK,2009,99
SVK,2008,99
SVK,2007,99
SVK,2006,99
SVK,2005,99
SVK,2004,99
SVK,2003,99
SVK,2002,99
SVK,2001,99
SVK,2000,99
SVK,1999,99
SVK,1998,99
SVK,1997,99
SVK,1996,99
SVK,1995,99
SVK,1994,99
SVN,2024,90
SVN,2023,89
SVN,2022,89
SVN,2021,86
SVN,2020,95
SVN,2019,95
SVN,2018,93
SVN,2017,94
SVN,2016,94
SVN,2015,95
SVN,2014,95
SVN,2013,95
SVN,2012,96
SVN,2011,96
SVN,2010,96
SVN,2009,96
SVN,2008,97
SVN,2007,97
SVN,2006,97
SVN,2005,95
SVN,2004,94
SVN,2003,95
SVN,2002,93
SVN,2001,92
SVN,2000,91
SVN,1999,92
SVN,1998,91
SVN,1997,94
SVN,1996,98
SVN,1995,98
SVN,1994,98
SVN,1993,98
SVN,1992,98
SLB,2024,87
SLB,2023,84
SLB,2022,89
SLB,2021,87
SLB,2020,94
SLB,2019,94
SLB,2018,85
SLB,2017,83
SLB,2016,94
SLB,2015,87
SLB,2014,77
SLB,2013,83
SLB,2012,92
SLB,2011,91
SLB,2010,83
SLB,2009,86
SLB,2008,85
SLB,2007,88
SLB,2006,99
SLB,2005,89
SLB,2004,90
SLB,2003,84
SLB,2002,78
SLB,2001,84
SLB,2000,86
SLB,1999,88
SLB,1998,70
SLB,1997,72
SLB,1996,72
SLB,1995,69
SLB,1994,68
SLB,1993,65
SLB,1992,71
SLB,1991,76
SLB,1990,77
SLB,1989,67
SLB,1988,69
SLB,1987,66
SLB,1986,42
SLB,1985,38
SLB,1984,45
SLB,1983,27
SLB,1982,23
SLB,1981,35
SLB,1980,46
SOM,2024,70
SOM,2023,69
SOM,2022,71
SOM,2021,62
SOM,2020,55
SOM,2019,57
SOM,2018,53
SOM,2017,51
SOM,2016,49
SOM,2015,48
SOM,2014,46
SOM,2013,44
SOM,2012,42
SOM,2011,41
SOM,2010,45
SOM,2009,42
SOM,2008,31
SOM,2007,40
SOM,2006,26
SOM,2005,35
SOM,2004,30
SOM,2003,40
SOM,2002,40
SOM,2001,33
SOM,2000,33
SOM,1999,36
SOM,1998,33
SOM,1997,19
SOM,1996,21
SOM,1995,22
SOM,1994,23
SOM,1993,22
SOM,1992,21
SOM,1991,20
SOM,1990,19
SOM,1989,18
SOM,1988,26
SOM,1987,25
SOM,1986,17
SOM,1985,22
SOM,1984,10
SOM,1983,5
SOM,1982,5
SOM,1981,2
ZAF,2024,74
ZAF,2023,79
ZAF,2022,85
ZAF,2021,86
ZAF,2020,84
ZAF,2019,85
ZAF,2018,82
ZAF,2017,84
ZAF,2016,85
ZAF,2015,85
ZAF,2014,85
ZAF,2013,81
ZAF,2012,71
ZAF,2011,75
ZAF,2010,77
ZAF,2009,81
ZAF,2008,82
ZAF,2007,85
ZAF,2006,84
ZAF,2005,81
ZAF,2004,74
ZAF,2003,69
ZAF,2002,70
ZAF,2001,71
ZAF,2000,73
ZAF,1999,74
ZAF,1998,75
ZAF,1997,76
ZAF,1996,73
ZAF,1995,72
ZAF,1994,73
ZAF,1993,81
ZAF,1992,79
ZAF,1991,81
ZAF,1990,72
ZAF,1989,71
ZAF,1988,70
ZAF,1987,72
ZAF,1986,70
ZAF,1985,75
ZAF,1984,75
ZAF,1983,74
SSD,2024,73
SSD,2023,73
SSD,2022,73
SSD,2021,69
SSD,2020,67
SSD,2019,61
SSD,2018,59
SSD,2017,52
SSD,2016,45
SSD,2015,46
SSD,2014,50
SSD,2013,53
SSD,2012,63
SSD,2011,61
ESP,2024,94
ESP,2023,93
ESP,2022,95
ESP,2021,93
ESP,2020,94
ESP,2019,95
ESP,2018,96
ESP,2017,95
ESP,2016,97
ESP,2015,97
ESP,2014,97
ESP,2013,96
ESP,2012,96
ESP,2011,97
ESP,2010,97
ESP,2009,96
ESP,2008,97
ESP,2007,96
ESP,2006,98
ESP,2005,96
ESP,2004,97
ESP,2003,98
ESP,2002,98
ESP,2001,96
ESP,2000,95
ESP,1999,95
ESP,1998,95
ESP,1997,94
ESP,1996,90
ESP,1995,90
ESP,1994,88
ESP,1993,87
ESP,1992,84
ESP,1991,86
ESP,1990,86
ESP,1989,93
ESP,1988,93
ESP,1987,77
ESP,1986,88
ESP,1985,79
ESP,1984,95
LKA,2024,97
LKA,2023,99
LKA,2022,98
LKA,2021,96
LKA,2020,96
LKA,2019,99
LKA,2018,99
LKA,2017,99
LKA,2016,99
LKA,2015,99
LKA,2014,99
LKA,2013,99
LKA,2012,99
LKA,2011,99
LKA,2010,99
LKA,2009,97
LKA,2008,98
LKA,2007,98
LKA,2006,98
LKA,2005,99
LKA,2004,97
LKA,2003,99
LKA,2002,98
LKA,2001,98
LKA,2000,99
LKA,1999,99
LKA,1998,94
LKA,1997,97
LKA,1996,92
LKA,1995,93
LKA,1994,88
LKA,1993,90
LKA,1992,88
LKA,1991,86
LKA,1990,86
LKA,1989,87
LKA,1988,83
LKA,1987,77
LKA,1986,75
LKA,1985,70
LKA,1984,66
LKA,1983,64
LKA,1982,57
LKA,1981,45
LKA,1980,46
KNA,2024,97
KNA,2023,96
KNA,2022,96
KNA,2021,96
KNA,2020,99
KNA,2019,97
KNA,2018,98
KNA,2017,98
KNA,2016,98
KNA,2015,94
KNA,2014,98
KNA,2013,97
KNA,2012,98
KNA,2011,98
KNA,2010,96
KNA,2009,98
KNA,2008,99
KNA,2007,99
KNA,2006,99
KNA,2005,99
KNA,2004,96
KNA,2003,99
KNA,2002,97
KNA,2001,99
KNA,2000,99
KNA,1999,99
KNA,1998,98
KNA,1997,99
KNA,1996,99
KNA,1995,99
KNA,1994,99
KNA,1993,99
KNA,1992,99
KNA,1991,99
KNA,1990,99
KNA,1989,99
KNA,1988,94
KNA,1987,96
KNA,1986,99
KNA,1985,92
KNA,1984,97
KNA,1983,90
KNA,1982,92
KNA,1981,67
KNA,1980,56
LCA,2024,99
LCA,2023,74
LCA,2022,81
LCA,2021,80
LCA,2020,86
LCA,2019,92
LCA,2018,95
LCA,2017,80
LCA,2016,95
LCA,2015,99
LCA,2014,99
LCA,2013,99
LCA,2012,98
LCA,2011,99
LCA,2010,97
LCA,2009,95
LCA,2008,96
LCA,2007,99
LCA,2006,85
LCA,2005,95
LCA,2004,91
LCA,2003,90
LCA,2002,74
LCA,2001,99
LCA,2000,70
LCA,1999,89
LCA,1998,88
LCA,1997,98
LCA,1996,88
LCA,1995,98
LCA,1994,93
LCA,1993,97
LCA,1992,96
LCA,1991,96
LCA,1990,89
LCA,1989,92
LCA,1988,78
LCA,1987,85
LCA,1986,78
LCA,1985,87
LCA,1984,83
LCA,1983,81
LCA,1982,79
LCA,1981,64
LCA,1980,56
VCT,2024,99
VCT,2023,94
VCT,2022,99
VCT,2021,92
VCT,2020,97
VCT,2019,97
VCT,2018,97
VCT,2017,99
VCT,2016,99
VCT,2015,99
VCT,2014,98
VCT,2013,97
VCT,2012,96
VCT,2011,96
VCT,2010,99
VCT,2009,99
VCT,2008,99
VCT,2007,99
VCT,2006,99
VCT,2005,99
VCT,2004,99
VCT,2003,99
VCT,2002,99
VCT,2001,99
VCT,2000,98
VCT,1999,95
VCT,1998,99
VCT,1997,99
VCT,1996,99
VCT,1995,97
VCT,1994,99
VCT,1993,99
VCT,1992,99
VCT,1991,99
VCT,1990,98
VCT,1989,98
VCT,1988,98
VCT,1987,97
VCT,1986,95
VCT,1985,90
VCT,1984,86
VCT,1983,80
VCT,1982,67
VCT,1981,32
VCT,1980,26
SDN,2024,39
SDN,2023,51
SDN,2022,84
SDN,2021,84
SDN,2020,90
SDN,2019,93
SDN,2018,93
SDN,2017,95
SDN,2016,93
SDN,2015,93
SDN,2014,94
SDN,2013,93
SDN,2012,92
SDN,2011,93
SDN,2010,90
SDN,2009,81
SDN,2008,86
SDN,2007,84
SDN,2006,78
SDN,2005,78
SDN,2004,74
SDN,2003,69
SDN,2002,60
SDN,2001,66
SDN,2000,62
SDN,1999,55
SDN,1998,46
SDN,1997,55
SDN,1996,56
SDN,1995,48
SDN,1994,46
SDN,1993,51
SDN,1992,53
SDN,1991,62
SDN,1990,62
SDN,1989,60
SDN,1988,40
SDN,1987,27
SDN,1986,14
SDN,1985,8
SDN,1984,4
SDN,1983,3
SDN,1982,2
SDN,1981,1
SDN,1980,1
SUR,2024,69
SUR,2023,72
SUR,2022,77
SUR,2021,72
SUR,2020,51
SUR,2019,77
SUR,2018,81
SUR,2017,67
SUR,2016,77
SUR,2015,73
SUR,2014,71
SUR,2013,77
SUR,2012,76
SUR,2011,80
SUR,2010,94
SUR,2009,87
SUR,2008,85
SUR,2007,84
SUR,2006,84
SUR,2005,83
SUR,2004,85
SUR,2003,75
SUR,2002,73
SUR,2001,68
SUR,2000,71
SUR,1999,85
SUR,1998,90
SUR,1997,81
SUR,1996,85
SUR,1995,84
SUR,1994,74
SUR,1993,76
SUR,1992,74
SUR,1991,75
SUR,1990,83
SUR,1989,72
SUR,1988,64
SUR,1987,71
SUR,1986,80
SUR,1985,84
SUR,1984,80
SUR,1983,85
SUR,1982,61
SUR,1981,27
SUR,1980,25
SWE,2024,96
SWE,2023,94
SWE,2022,94
SWE,2021,98
SWE,2020,97
SWE,2019,98
SWE,2018,97
SWE,2017,97
SWE,2016,98
SWE,2015,98
SWE,2014,98
SWE,2013,98
SWE,2012,98
SWE,2011,98
SWE,2010,98
SWE,2009,98
SWE,2008,98
SWE,2007,98
SWE,2006,98
SWE,2005,98
SWE,2004,99
SWE,2003,99
SWE,2002,99
SWE,2001,99
SWE,2000,99
SWE,1999,99
SWE,1998,99
SWE,1997,99
SWE,1996,99
SWE,1995,99
SWE,1994,99
SWE,1993,99
SWE,1992,99
SWE,1991,99
SWE,1990,99
SWE,1989,99
SWE,1988,99
SWE,1987,99
SWE,1986,99
SWE,1985,99
SWE,1984,99
SWE,1983,99
SWE,1982,99
SWE,1981,99
SWE,1980,99
CHE,2024,96
CHE,2023,95
CHE,2022,96
CHE,2021,96
CHE,2020,97
CHE,2019,96
CHE,2018,96
CHE,2017,96
CHE,2016,96
CHE,2015,96
CHE,2014,96
CHE,2013,96
CHE,2012,96
CHE,2011,96
CHE,2010,95
CHE,2009,95
CHE,2008,95
CHE,2007,94
CHE,2006,94
CHE,2005,94
CHE,2004,93
CHE,2003,93
CHE,2002,93
CHE,2001,93
CHE,2000,93
CHE,1999,93
CHE,1998,88
CHE,1997,89
CHE,1996,89
CHE,1995,89
CHE,1994,89
CHE,1993,89
CHE,1992,89
CHE,1991,89
CHE,1990,90
CHE,1989,90
CHE,1988,90
CHE,1987,90
CHE,1986,90
SYR,2024,73
SYR,2023,66
SYR,2022,59
SYR,2021,61
SYR,2020,62
SYR,2019,67
SYR,2018,60
SYR,2017,61
SYR,2016,55
SYR,2015,54
SYR,2014,56
SYR,2013,54
SYR,2012,58
SYR,2011,72
SYR,2010,81
SYR,2009,81
SYR,2008,81
SYR,2007,82
SYR,2006,82
SYR,2005,83
SYR,2004,84
SYR,2003,85
SYR,2002,86
SYR,2001,83
SYR,2000,86
SYR,1999,87
SYR,1998,88
SYR,1997,87
SYR,1996,88
SYR,1995,89
SYR,1994,89
SYR,1993,90
SYR,1992,89
SYR,1991,89
SYR,1990,91
SYR,1989,94
SYR,1988,59
SYR,1987,42
SYR,1986,86
SYR,1985,29
SYR,1984,25
SYR,1983,21
SYR,1982,15
SYR,1981,14
SYR,1980,13
TJK,2024,97
TJK,2023,96
TJK,2022,97
TJK,2021,97
TJK,2020,97
TJK,2019,97
TJK,2018,96
TJK,2017,97
TJK,2016,96
TJK,2015,96
TJK,2014,97
TJK,2013,96
TJK,2012,94
TJK,2011,96
TJK,2010,93
TJK,2009,93
TJK,2008,86
TJK,2007,86
TJK,2006,83
TJK,2005,84
TJK,2004,86
TJK,2003,85
TJK,2002,85
TJK,2001,85
TJK,2000,83
TJK,1999,82
TJK,1998,79
TJK,1997,81
TJK,1996,75
TJK,1995,80
TJK,1994,81
TJK,1993,64
TJK,1992,72
TZA,2024,83
TZA,2023,83
TZA,2022,87
TZA,2021,86
TZA,2020,91
TZA,2019,91
TZA,2018,89
TZA,2017,90
TZA,2016,92
TZA,2015,96
TZA,2014,97
TZA,2013,91
TZA,2012,92
TZA,2011,90
TZA,2010,91
TZA,2009,85
TZA,2008,86
TZA,2007,83
TZA,2006,90
TZA,2005,90
TZA,2004,95
TZA,2003,95
TZA,2002,89
TZA,2001,87
TZA,2000,79
TZA,1999,76
TZA,1998,79
TZA,1997,79
TZA,1996,82
TZA,1995,81
TZA,1994,84
TZA,1993,83
TZA,1992,83
TZA,1991,81
TZA,1990,78
TZA,1989,77
TZA,1988,85
TZA,1987,79
TZA,1986,74
TZA,1985,67
TZA,1984,58
TZA,1983,52
TZA,1982,50
TZA,1981,55
TZA,1980,59
THA,2024,92
THA,2023,92
THA,2022,92
THA,2021,92
THA,2020,97
THA,2019,97
THA,2018,97
THA,2017,99
THA,2016,99
THA,2015,99
THA,2014,99
THA,2013,99
THA,2012,99
THA,2011,99
THA,2010,99
THA,2009,99
THA,2008,99
THA,2007,98
THA,2006,98
THA,2005,98
THA,2004,98
THA,2003,98
THA,2002,96
THA,2001,96
THA,2000,97
THA,1999,97
THA,1998,96
THA,1997,95
THA,1996,94
THA,1995,96
THA,1994,93
THA,1993,89
THA,1992,85
THA,1991,90
THA,1990,92
THA,1989,84
THA,1988,80
THA,1987,75
THA,1986,66
THA,1985,62
THA,1984,53
THA,1983,49
THA,1982,49
THA,1981,52
THA,1980,49
TLS,2024,83
TLS,2023,83
TLS,2022,83
TLS,2021,83
TLS,2020,83
TLS,2019,83
TLS,2018,83
TLS,2017,83
TLS,2016,79
TLS,2015,76
TLS,2014,77
TLS,2013,82
TLS,2012,83
TLS,2011,67
TLS,2010,72
TLS,2009,72
TLS,2008,79
TLS,2007,70
TLS,2006,63
TLS,2005,55
TLS,2004,57
TLS,2003,55
TLS,2002,54
TGO,2024,90
TGO,2023,90
TGO,2022,86
TGO,2021,87
TGO,2020,85
TGO,2019,86
TGO,2018,82
TGO,2017,84
TGO,2016,82
TGO,2015,82
TGO,2014,84
TGO,2013,84
TGO,2012,84
TGO,2011,85
TGO,2010,83
TGO,2009,78
TGO,2008,81
TGO,2007,82
TGO,2006,84
TGO,2005,82
TGO,2004,71
TGO,2003,72
TGO,2002,59
TGO,2001,50
TGO,2000,64
TGO,1999,57
TGO,1998,42
TGO,1997,42
TGO,1996,50
TGO,1995,58
TGO,1994,62
TGO,1993,66
TGO,1992,69
TGO,1991,73
TGO,1990,77
TGO,1989,72
TGO,1988,54
TGO,1987,61
TGO,1986,37
TGO,1985,24
TGO,1984,11
TGO,1983,18
TGO,1982,14
TGO,1981,9
TON,2024,99
TON,2023,99
TON,2022,99
TON,2021,99
TON,2020,99
TON,2019,99
TON,2018,99
TON,2017,99
TON,2016,96
TON,2015,96
TON,2014,98
TON,2013,99
TON,2012,95
TON,2011,99
TON,2010,99
TON,2009,99
TON,2008,99
TON,2007,99
TON,2006,99
TON,2005,99
TON,2004,99
TON,2003,98
TON,2002,90
TON,2001,94
TON,2000,95
TON,1999,94
TON,1998,97
TON,1997,96
TON,1996,99
TON,1995,95
TON,1994,89
TON,1993,96
TON,1992,99
TON,1991,88
TON,1990,94
TON,1989,93
TON,1988,92
TON,1987,99
TON,1986,75
TON,1985,92
TON,1984,51
TON,1983,63
TON,1982,52
TON,1981,37
TON,1980,40
TTO,2024,92
TTO,2023,96
TTO,2022,93
TTO,2021,94
TTO,2020,96
TTO,2019,93
TTO,2018,99
TTO,2017,89
TTO,2016,97
TTO,2015,96
TTO,2014,92
TTO,2013,92
TTO,2012,92
TTO,2011,90
TTO,2010,90
TTO,2009,90
TTO,2008,90
TTO,2007,88
TTO,2006,92
TTO,2005,95
TTO,2004,94
TTO,2003,91
TTO,2002,96
TTO,2001,91
TTO,2000,90
TTO,1999,90
TTO,1998,91
TTO,1997,90
TTO,1996,89
TTO,1995,89
TTO,1994,85
TTO,1993,81
TTO,1992,87
TTO,1991,82
TTO,1990,82
TTO,1989,77
TTO,1988,82
TTO,1987,79
TTO,1986,70
TTO,1985,75
TTO,1984,65
TTO,1983,60
TTO,1982,54
TTO,1981,62
TTO,1980,26
TUN,2024,97
TUN,2023,97
TUN,2022,97
TUN,2021,97
TUN,2020,97
TUN,2019,98
TUN,2018,97
TUN,2017,98
TUN,2016,98
TUN,2015,98
TUN,2014,98
TUN,2013,98
TUN,2012,97
TUN,2011,98
TUN,2010,98
TUN,2009,99
TUN,2008,99
TUN,2007,98
TUN,2006,99
TUN,2005,98
TUN,2004,97
TUN,2003,95
TUN,2002,96
TUN,2001,98
TUN,2000,97
TUN,1999,99
TUN,1998,96
TUN,1997,96
TUN,1996,95
TUN,1995,94
TUN,1994,93
TUN,1993,94
TUN,1992,95
TUN,1991,93
TUN,1990,93
TUN,1989,93
TUN,1988,91
TUN,1987,84
TUN,1986,72
TUN,1985,70
TUN,1984,66
TUN,1983,62
TUR,2024,99
TUR,2023,99
TUR,2022,99
TUR,2021,95
TUR,2020,98
TUR,2019,99
TUR,2018,98
TUR,2017,96
TUR,2016,98
TUR,2015,97
TUR,2014,96
TUR,2013,98
TUR,2012,97
TUR,2011,97
TUR,2010,97
TUR,2009,96
TUR,2008,96
TUR,2007,96
TUR,2006,90
TUR,2005,90
TUR,2004,85
TUR,2003,68
TUR,2002,78
TUR,2001,88
TUR,2000,85
TUR,1999,79
TUR,1998,81
TUR,1997,79
TUR,1996,72
TUR,1995,67
TUR,1994,87
TUR,1993,76
TUR,1992,77
TUR,1991,72
TUR,1990,84
TUR,1989,79
TUR,1988,86
TUR,1987,86
TUR,1986,45
TUR,1985,55
TUR,1984,56
TUR,1983,56
TUR,1982,58
TUR,1981,64
TUR,1980,42
TKM,2024,98
TKM,2023,98
TKM,2022,98
TKM,2021,97
TKM,2020,98
TKM,2019,99
TKM,2018,99
TKM,2017,99
TKM,2016,98
TKM,2015,99
TKM,2014,98
TKM,2013,98
TKM,2012,97
TKM,2011,97
TKM,2010,96
TKM,2009,96
TKM,2008,96
TKM,2007,98
TKM,2006,98
TKM,2005,99
TKM,2004,97
TKM,2003,83
TKM,2002,98
TKM,2001,95
TKM,2000,97
TKM,1999,98
TKM,1998,99
TKM,1997,98
TKM,1996,97
TKM,1995,93
TKM,1994,90
TKM,1993,73
TKM,1992,84
TUV,2024,94
TUV,2023,94
TUV,2022,91
TUV,2021,94
TUV,2020,95
TUV,2019,92
TUV,2018,89
TUV,2017,96
TUV,2016,94
TUV,2015,96
TUV,2014,89
TUV,2013,90
TUV,2012,97
TUV,2011,96
TUV,2010,89
TUV,2009,88
TUV,2008,99
TUV,2007,97
TUV,2006,97
TUV,2005,93
TUV,2004,98
TUV,2003,93
TUV,2002,98
TUV,2001,96
TUV,2000,82
TUV,1999,83
TUV,1998,94
TUV,1997,77
TUV,1996,97
TUV,1995,87
TUV,1994,99
TUV,1993,80
TUV,1992,70
TUV,1991,74
TUV,1990,99
TUV,1989,85
TUV,1988,89
TUV,1987,59
TUV,1986,73
TUV,1985,52
TUV,1984,37
TUV,1983,79
TUV,1982,72
TUV,1981,49
TUV,1980,36
UGA,2024,91
UGA,2023,91
UGA,2022,89
UGA,2021,91
UGA,2020,89
UGA,2019,93
UGA,2018,93
UGA,2017,94
UGA,2016,93
UGA,2015,89
UGA,2014,85
UGA,2013,84
UGA,2012,83
UGA,2011,82
UGA,2010,80
UGA,2009,79
UGA,2008,71
UGA,2007,73
UGA,2006,64
UGA,2005,64
UGA,2004,62
UGA,2003,59
UGA,2002,57
UGA,2001,55
UGA,2000,52
UGA,1999,50
UGA,1998,48
UGA,1997,56
UGA,1996,57
UGA,1995,59
UGA,1994,60
UGA,1993,56
UGA,1992,53
UGA,1991,49
UGA,1990,45
UGA,1989,42
UGA,1988,38
UGA,1987,30
UGA,1986,21
UGA,1985,14
UGA,1984,14
UGA,1983,14
UGA,1982,12
UGA,1981,9
UKR,2024,88
UKR,2023,83
UKR,2022,73
UKR,2021,78
UKR,2020,81
UKR,2019,80
UKR,2018,69
UKR,2017,50
UKR,2016,19
UKR,2015,23
UKR,2014,23
UKR,2013,76
UKR,2012,76
UKR,2011,50
UKR,2010,52
UKR,2009,71
UKR,2008,90
UKR,2007,98
UKR,2006,98
UKR,2005,96
UKR,2004,99
UKR,2003,97
UKR,2002,99
UKR,2001,99
UKR,2000,99
UKR,1999,99
UKR,1998,98
UKR,1997,99
UKR,1996,99
UKR,1995,98
UKR,1994,97
UKR,1993,93
UKR,1992,88
ARE,2024,96
ARE,2023,96
ARE,2022,96
ARE,2021,96
ARE,2020,90
ARE,2019,99
ARE,2018,99
ARE,2017,97
ARE,2016,99
ARE,2015,99
ARE,2014,99
ARE,2013,98
ARE,2012,96
ARE,2011,95
ARE,2010,94
ARE,2009,93
ARE,2008,92
ARE,2007,92
ARE,2006,92
ARE,2005,94
ARE,2004,94
ARE,2003,94
ARE,2002,94
ARE,2001,94
ARE,2000,94
ARE,1999,94
ARE,1998,94
ARE,1997,92
ARE,1996,90
ARE,1995,90
ARE,1994,90
ARE,1993,90
ARE,1992,86
ARE,1991,85
ARE,1990,85
ARE,1989,84
ARE,1988,82
ARE,1987,80
ARE,1986,78
ARE,1985,76
ARE,1984,59
ARE,1983,50
ARE,1982,43
ARE,1981,45
ARE,1980,11
GBR,2024,92
GBR,2023,92
GBR,2022,92
GBR,2021,93
GBR,2020,93
GBR,2019,93
GBR,2018,94
GBR,2017,94
GBR,2016,94
GBR,2015,95
GBR,2014,95
GBR,2013,95
GBR,2012,95
GBR,2011,95
GBR,2010,94
GBR,2009,93
GBR,2008,92
GBR,2007,92
GBR,2006,92
GBR,2005,91
GBR,2004,92
GBR,2003,91
GBR,2002,91
GBR,2001,91
GBR,2000,91
GBR,1999,92
GBR,1998,91
GBR,1997,92
GBR,1996,94
GBR,1995,94
GBR,1994,93
GBR,1993,93
GBR,1992,92
GBR,1991,88
GBR,1990,84
GBR,1989,78
GBR,1988,75
GBR,1987,73
GBR,1986,67
GBR,1985,65
GBR,1984,65
GBR,1983,59
GBR,1982,53
GBR,1981,46
GBR,1980,41
USA,2024,94
USA,2023,94
USA,2022,94
USA,2021,94
USA,2020,93
USA,2019,94
USA,2018,94
USA,2017,94
USA,2016,95
USA,2015,95
USA,2014,95
USA,2013,94
USA,2012,94
USA,2011,96
USA,2010,95
USA,2009,95
USA,2008,96
USA,2007,96
USA,2006,96
USA,2005,96
USA,2004,96
USA,2003,96
USA,2002,94
USA,2001,94
USA,2000,94
USA,1999,96
USA,1998,96
USA,1997,96
USA,1996,95
USA,1995,95
USA,1994,94
USA,1993,88
USA,1992,83
USA,1991,86
USA,1990,90
USA,1989,94
USA,1988,97
USA,1987,97
USA,1986,97
USA,1985,96
USA,1984,97
USA,1983,97
USA,1982,96
USA,1981,96
USA,1980,96
URY,2024,94
URY,2023,95
URY,2022,94
URY,2021,91
URY,2020,92
URY,2019,94
URY,2018,91
URY,2017,93
URY,2016,95
URY,2015,95
URY,2014,95
URY,2013,95
URY,2012,95
URY,2011,95
URY,2010,95
URY,2009,95
URY,2008,94
URY,2007,94
URY,2006,95
URY,2005,96
URY,2004,94
URY,2003,91
URY,2002,95
URY,2001,94
URY,2000,90
URY,1999,93
URY,1998,91
URY,1997,91
URY,1996,91
URY,1995,91
URY,1994,91
URY,1993,92
URY,1992,93
URY,1991,96
URY,1990,97
URY,1989,88
URY,1988,82
URY,1987,85
URY,1986,70
URY,1985,63
URY,1984,62
URY,1983,73
URY,1982,67
URY,1981,57
URY,1980,53
UZB,2024,90
UZB,2023,99
UZB,2022,99
UZB,2021,98
UZB,2020,95
UZB,2019,96
UZB,2018,98
UZB,2017,99
UZB,2016,99
UZB,2015,99
UZB,2014,99
UZB,2013,99
UZB,2012,99
UZB,2011,99
UZB,2010,99
UZB,2009,98
UZB,2008,98
UZB,2007,96
UZB,2006,96
UZB,2005,99
UZB,2004,99
UZB,2003,98
UZB,2002,99
UZB,2001,99
UZB,2000,99
UZB,1999,99
UZB,1998,99
UZB,1997,96
UZB,1996,95
UZB,1995,87
UZB,1994,67
UZB,1993,45
UZB,1992,90
VUT,2024,71
VUT,2023,72
VUT,2022,68
VUT,2021,62
VUT,2020,78
VUT,2019,90
VUT,2018,85
VUT,2017,85
VUT,2016,81
VUT,2015,80
VUT,2014,86
VUT,2013,84
VUT,2012,82
VUT,2011,79
VUT,2010,77
VUT,2009,75
VUT,2008,73
VUT,2007,70
VUT,2006,68
VUT,2005,68
VUT,2004,69
VUT,2003,69
VUT,2002,70
VUT,2001,70
VUT,2000,71
VUT,1999,71
VUT,1998,72
VUT,1997,72
VUT,1996,67
VUT,1995,73
VUT,1994,74
VUT,1993,86
VUT,1992,77
VUT,1991,83
VUT,1990,76
VUT,1989,61
VUT,1988,58
VUT,1987,56
VUT,1986,31
VUT,1985,30
VUT,1984,28
VUT,1983,27
VUT,1982,22
VEN,2024,62
VEN,2023,54
VEN,2022,43
VEN,2021,56
VEN,2020,54
VEN,2019,64
VEN,2018,60
VEN,2017,66
VEN,2016,84
VEN,2015,87
VEN,2014,78
VEN,2013,82
VEN,2012,81
VEN,2011,78
VEN,2010,78
VEN,2009,84
VEN,2008,50
VEN,2007,62
VEN,2006,71
VEN,2005,87
VEN,2004,86
VEN,2003,68
VEN,2002,65
VEN,2001,70
VEN,2000,77
VEN,1999,76
VEN,1998,39
VEN,1997,60
VEN,1996,57
VEN,1995,68
VEN,1994,63
VEN,1993,67
VEN,1992,67
VEN,1991,64
VEN,1990,63
VEN,1989,57
VEN,1988,56
VEN,1987,57
VEN,1986,58
VEN,1985,49
VEN,1984,33
VEN,1983,58
VEN,1982,53
VEN,1981,54
VEN,1980,56
VNM,2024,97
VNM,2023,65
VNM,2022,91
VNM,2021,83
VNM,2020,94
VNM,2019,89
VNM,2018,75
VNM,2017,94
VNM,2016,96
VNM,2015,97
VNM,2014,95
VNM,2013,59
VNM,2012,97
VNM,2011,95
VNM,2010,93
VNM,2009,96
VNM,2008,93
VNM,2007,92
VNM,2006,94
VNM,2005,95
VNM,2004,96
VNM,2003,99
VNM,2002,75
VNM,2001,96
VNM,2000,96
VNM,1999,93
VNM,1998,94
VNM,1997,95
VNM,1996,94
VNM,1995,93
VNM,1994,94
VNM,1993,91
VNM,1992,88
VNM,1991,88
VNM,1990,88
VNM,1989,88
VNM,1988,70
VNM,1987,50
VNM,1986,43
VNM,1985,42
VNM,1984,5
VNM,1983,4
PSE,2024,88
PSE,2023,88
PSE,2022,98
PSE,2021,95
PSE,2020,98
PSE,2019,99
PSE,2018,99
PSE,2017,99
PSE,2016,99
PSE,2015,99
PSE,2014,99
PSE,2013,99
PSE,2012,97
PSE,2011,99
PSE,2010,99
PSE,2009,97
PSE,2008,96
PSE,2007,99
PSE,2006,96
PSE,2005,96
PSE,2004,96
PSE,2003,98
PSE,2002,97
PSE,2001,97
PSE,2000,93
PSE,1999,89
PSE,1998,98
PSE,1997,96
PSE,1996,97
PSE,1995,99
PSE,1994,98
PSE,1993,94
YEM,2024,42
YEM,2023,46
YEM,2022,58
YEM,2021,56
YEM,2020,57
YEM,2019,60
YEM,2018,54
YEM,2017,59
YEM,2016,63
YEM,2015,63
YEM,2014,70
YEM,2013,71
YEM,2012,67
YEM,2011,69
YEM,2010,76
YEM,2009,76
YEM,2008,78
YEM,2007,79
YEM,2006,78
YEM,2005,79
YEM,2004,72
YEM,2003,61
YEM,2002,65
YEM,2001,73
YEM,2000,74
YEM,1999,71
YEM,1998,68
YEM,1997,40
YEM,1996,47
YEM,1995,44
YEM,1994,33
YEM,1993,54
YEM,1992,50
YEM,1991,47
YEM,1990,84
YEM,1989,56
YEM,1988,36
YEM,1987,18
YEM,1986,13
YEM,1985,12
YEM,1984,7
YEM,1983,5
YEM,1982,4
YEM,1981,3
YEM,1980,1
ZMB,2024,91
ZMB,2023,90
ZMB,2022,92
ZMB,2021,91
ZMB,2020,84
ZMB,2019,88
ZMB,2018,90
ZMB,2017,94
ZMB,2016,95
ZMB,2015,90
ZMB,2014,86
ZMB,2013,79
ZMB,2012,78
ZMB,2011,81
ZMB,2010,83
ZMB,2009,94
ZMB,2008,87
ZMB,2007,80
ZMB,2006,81
ZMB,2005,82
ZMB,2004,83
ZMB,2003,83
ZMB,2002,84
ZMB,2001,85
ZMB,2000,85
ZMB,1999,84
ZMB,1998,84
ZMB,1997,83
ZMB,1996,84
ZMB,1995,86
ZMB,1994,90
ZMB,1993,86
ZMB,1992,83
ZMB,1991,79
ZMB,1990,91
ZMB,1989,83
ZMB,1988,83
ZMB,1987,83
ZMB,1986,66
ZMB,1985,66
ZMB,1984,59
ZMB,1983,49
ZWE,2024,91
ZWE,2023,90
ZWE,2022,90
ZWE,2021,88
ZWE,2020,86
ZWE,2019,90
ZWE,2018,89
ZWE,2017,89
ZWE,2016,90
ZWE,2015,87
ZWE,2014,91
ZWE,2013,95
ZWE,2012,95
ZWE,2011,93
ZWE,2010,89
ZWE,2009,73
ZWE,2008,75
ZWE,2007,73
ZWE,2006,70
ZWE,2005,68
ZWE,2004,65
ZWE,2003,68
ZWE,2002,71
ZWE,2001,75
ZWE,2000,78
ZWE,1999,81
ZWE,1998,84
ZWE,1997,86
ZWE,1996,90
ZWE,1995,88
ZWE,1994,87
ZWE,1993,85
ZWE,1992,86
ZWE,1991,87
ZWE,1990,88
ZWE,1989,87
ZWE,1988,85
ZWE,1987,84
ZWE,1986,75
ZWE,1985,63
ZWE,1984,60
ZWE,1983,53
ZWE,1982,46
ZWE,1981,39